都道府県名,municipality,oaza,town,aza,街区符号・地番,座標系番号,Ｘ座標,Ｙ座標,latitude,longitude,住居表示フラグ,代表フラグ,更新前履歴フラグ,更新後履歴フラグ
愛知県,阿久比町,,卯坂南,,30,7,-118142.8,-23459.7,34.934784,136.909859,0,1,0,0
愛知県,阿久比町,,宮津一丁目,,3,7,-118687.8,-21986.2,34.929904,136.926003,0,1,0,0
愛知県,阿久比町,,宮津三丁目,,18,7,-118420.5,-22112,34.932312,136.924618,0,1,0,0
愛知県,阿久比町,,宮津二丁目,,1,7,-118606.1,-21998,34.930641,136.925872,0,1,0,0
愛知県,阿久比町,大字阿久比,,旭,79,7,-118003.1,-24942,34.936008,136.893629,0,1,0,0
愛知県,阿久比町,大字阿久比,,桜,82,7,-118097.6,-24510.4,34.935166,136.898356,0,1,0,0
愛知県,阿久比町,大字阿久比,,尾社,1,7,-118616.5,-23798.4,34.930506,136.906164,0,1,0,0
愛知県,阿久比町,大字阿久比,,桜ケ丘,7,7,-118583.3,-23613,34.93081,136.908194,0,1,0,0
愛知県,阿久比町,大字阿久比,,奈古,1,7,-118723.5,-23546.9,34.929547,136.90892,0,1,0,0
愛知県,阿久比町,大字阿久比,,東中根,2,7,-118810.6,-23354.7,34.928767,136.911025,0,1,0,0
愛知県,阿久比町,大字阿久比,,東向山,6,7,-118504.1,-23139.7,34.931534,136.913372,0,1,0,0
愛知県,阿久比町,大字阿久比,,元荒古,1,7,-118691,-23119.7,34.92985,136.913596,0,1,0,0
愛知県,阿久比町,大字阿久比,,上ノ山,25,7,-118908.1,-23155.7,34.927892,136.913208,0,1,0,0
愛知県,阿久比町,大字阿久比,,井瀬,12,7,-118928.6,-23079.2,34.927709,136.914046,0,1,0,0
愛知県,阿久比町,大字阿久比,,地蔵山,3,7,-119020.8,-23035,34.926879,136.914533,0,1,0,0
愛知県,阿久比町,大字阿久比,,北海道,19,7,-118623.5,-22972.2,34.930463,136.915208,0,1,0,0
愛知県,阿久比町,大字阿久比,,松畑,1,7,-119008.3,-22941,34.926993,136.91556,0,1,0,0
愛知県,阿久比町,大字阿久比,,宮後,44,7,-118483,-22901.5,34.93173,136.915978,0,1,0,0
愛知県,阿久比町,大字阿久比,,広海道,22,7,-118922.6,-22955.7,34.927765,136.915398,0,1,0,0
愛知県,阿久比町,大字阿久比,,長光寺西,3,7,-119111,-22908,34.926068,136.915923,0,1,0,0
愛知県,阿久比町,大字阿久比,,北下川,1,7,-118659.5,-22903.7,34.93014,136.915958,0,1,0,0
愛知県,阿久比町,大字阿久比,,高川,17,7,-118840.8,-22895.5,34.928505,136.916055,0,1,0,0
愛知県,阿久比町,大字阿久比,,五葉,33,7,-119035.3,-22813.2,34.926754,136.91696,0,1,0,0
愛知県,阿久比町,大字阿久比,,宮前,4,7,-118703.1,-22811.5,34.929747,136.916969,0,1,0,0
愛知県,阿久比町,大字阿久比,,千速,66,7,-118528.3,-22810,34.931322,136.916982,0,1,0,0
愛知県,阿久比町,大字阿久比,,南下川,24,7,-118835.3,-22771.2,34.928556,136.917416,0,1,0,0
愛知県,阿久比町,大字阿久比,,真向塚,25,7,-118579.3,-22787.7,34.930864,136.917226,0,1,0,0
愛知県,阿久比町,大字阿久比,,五葉下,3,7,-118871.1,-22647.4,34.928237,136.91877,0,1,0,0
愛知県,阿久比町,大字阿久比,,駅前一丁目,1,7,-118436.8,-22782.7,34.932149,136.917278,0,1,0,0
愛知県,阿久比町,大字阿久比,,駅前二丁目,1,7,-118724.8,-22655.4,34.929557,136.918678,0,1,0,0
愛知県,阿久比町,大字卯坂,,新平池,112,7,-118156.6,-25185.7,34.93462,136.890965,0,1,0,0
愛知県,阿久比町,大字卯坂,,上平池,60,7,-117509.8,-24894.7,34.940455,136.89413,0,1,0,0
愛知県,阿久比町,大字卯坂,,梅ケ丘,126,7,-117516.1,-24713.2,34.940404,136.896118,0,1,0,0
愛知県,阿久比町,大字卯坂,,砂走,41,7,-116670.3,-23409.7,34.948059,136.910366,0,1,0,0
愛知県,阿久比町,大字卯坂,,上同志鐘,50,7,-117836.3,-24099.4,34.937531,136.902849,0,1,0,0
愛知県,阿久比町,大字卯坂,,上親田,43,7,-118085.8,-24038.5,34.935285,136.903522,0,1,0,0
愛知県,阿久比町,大字卯坂,,中親田,70,7,-118393.6,-23871.7,34.932513,136.905357,0,1,0,0
愛知県,阿久比町,大字卯坂,,浅間前,8,7,-117624.3,-23896,34.939449,136.905068,0,1,0,0
愛知県,阿久比町,大字卯坂,,山伏谷,65,7,-117969.6,-23824.7,34.936337,136.905857,0,1,0,0
愛知県,阿久比町,大字卯坂,,下同志鐘,12,7,-117794.3,-23660.5,34.937921,136.90765,0,1,0,0
愛知県,阿久比町,大字卯坂,,米山,72,7,-117064.1,-23672.5,34.944502,136.907499,0,1,0,0
愛知県,阿久比町,大字卯坂,,浅間裏,3,7,-117421.3,-23637,34.941285,136.907896,0,1,0,0
愛知県,阿久比町,大字卯坂,,焼山,47,7,-116852.5,-23266,34.946421,136.911944,0,1,0,0
愛知県,阿久比町,大字卯坂,,桜ケ丘,141,7,-118130.5,-23575,34.934893,136.908598,0,1,0,0
愛知県,阿久比町,大字卯坂,,秋葉山,36,7,-117916.8,-23445.7,34.936822,136.910005,0,1,0,0
愛知県,阿久比町,大字卯坂,,林谷,21,7,-117351.8,-23511,34.941913,136.909276,0,1,0,0
愛知県,阿久比町,大字卯坂,,半田ケ峯,26,7,-118392.6,-23407,34.932533,136.910442,0,1,0,0
愛知県,阿久比町,大字卯坂,,堂山,7,7,-118068.3,-23489.7,34.935456,136.909528,0,1,0,0
愛知県,阿久比町,大字卯坂,,西谷,63,7,-117686.3,-23382,34.938901,136.910696,0,1,0,0
愛知県,阿久比町,大字卯坂,,八神,28,7,-117208.3,-23429.2,34.943209,136.910167,0,1,0,0
愛知県,阿久比町,大字卯坂,,北元倉,36,7,-117140.8,-23377.4,34.943818,136.910731,0,1,0,0
愛知県,阿久比町,大字卯坂,,仙入坊,1,7,-117915.3,-23240.5,34.936841,136.912251,0,1,0,0
愛知県,阿久比町,大字卯坂,,北上ノ山,34,7,-117580.8,-23346.2,34.939852,136.911087,0,1,0,0
愛知県,阿久比町,大字卯坂,,栗之木谷,4,7,-117544.5,-23242.2,34.940182,136.912223,0,1,0,0
愛知県,阿久比町,大字卯坂,,稲葉,1,7,-117782.1,-23222.2,34.938042,136.912449,0,1,0,0
愛知県,阿久比町,大字卯坂,,英比,51,7,-117394.1,-23172,34.941541,136.912986,0,1,0,0
愛知県,阿久比町,大字卯坂,,日面,7,7,-118095.8,-23219,34.935212,136.912493,0,1,0,0
愛知県,阿久比町,大字卯坂,,北ノ浦,44,7,-117746,-23206,34.938367,136.912624,0,1,0,0
愛知県,阿久比町,大字卯坂,,中野屋敷,44,7,-118196.6,-23130.5,34.934305,136.913465,0,1,0,0
愛知県,阿久比町,大字卯坂,,西新畑,46,7,-116953.8,-23120.2,34.945509,136.913542,0,1,0,0
愛知県,阿久比町,大字卯坂,,畑中,19,7,-117817.6,-23098.5,34.937724,136.913803,0,1,0,0
愛知県,阿久比町,大字卯坂,,惣山,1,7,-116913.6,-23122.2,34.945872,136.91352,0,1,0,0
愛知県,阿久比町,大字卯坂,,東新畑,9,7,-116871.6,-23077.5,34.946252,136.914006,0,1,0,0
愛知県,阿久比町,大字卯坂,,坂田,1,7,-118197.5,-23032,34.934302,136.914542,0,1,0,0
愛知県,阿久比町,大字卯坂,,殿越,6,7,-118366.3,-22999.4,34.93278,136.914904,0,1,0,0
愛知県,阿久比町,大字卯坂,,神田,1,7,-117934.1,-23020.4,34.936675,136.914662,0,1,0,0
愛知県,阿久比町,大字卯坂,,朝日,20,7,-117990.1,-23011.2,34.936171,136.914763,0,1,0,0
愛知県,阿久比町,大字卯坂,,山ノ内,4,7,-116621.8,-23026.7,34.948506,136.914557,0,1,0,0
愛知県,阿久比町,大字卯坂,,城街道,38,7,-117805.6,-22977,34.937835,136.915133,0,1,0,0
愛知県,阿久比町,大字卯坂,,壱丁田,9,7,-116856.8,-22912.2,34.94639,136.915818,0,1,0,0
愛知県,阿久比町,大字卯坂,,古見堂,48,7,-118317,-22931.5,34.933225,136.915646,0,1,0,0
愛知県,阿久比町,大字卯坂,,坂部,40,7,-117522.6,-22940.4,34.940387,136.915526,0,1,0,0
愛知県,阿久比町,大字卯坂,,四反田,35,7,-117958.5,-22957.5,34.936458,136.915353,0,1,0,0
愛知県,阿久比町,大字卯坂,,二反田,74,7,-117896.3,-22948.5,34.937018,136.915448,0,1,0,0
愛知県,阿久比町,大字卯坂,,知原岬,8,7,-117292.8,-22935,34.942458,136.915579,0,1,0,0
愛知県,阿久比町,大字卯坂,,丸ノ内,18,7,-118005.6,-22856.2,34.936036,136.916462,0,1,0,0
愛知県,阿久比町,大字卯坂,,昭和,1,7,-116673.8,-22868.7,34.948039,136.916288,0,1,0,0
愛知県,阿久比町,大字卯坂,,上向田,43,7,-117356.6,-22831.2,34.941885,136.916718,0,1,0,0
愛知県,阿久比町,大字卯坂,,北大平,7,7,-117226.6,-22630.5,34.943061,136.918911,0,1,0,0
愛知県,阿久比町,大字卯坂,,三明,91,7,-117526.5,-22455.5,34.940364,136.920834,0,1,0,0
愛知県,阿久比町,大字卯坂,,北丸根,50,7,-117608.3,-22459.2,34.939625,136.920795,0,1,0,0
愛知県,阿久比町,大字卯坂,,入道ケ池,29,7,-117770.8,-22499,34.938158,136.920366,0,1,0,0
愛知県,阿久比町,大字卯坂,,丸根,13,7,-117843.5,-22445.5,34.937505,136.920952,0,1,0,0
愛知県,阿久比町,大字卯坂,,川木,42,7,-118160.6,-22455.2,34.934646,136.920854,0,1,0,0
愛知県,阿久比町,大字卯坂,,上大場,36,7,-118306.8,-22463,34.933328,136.920774,0,1,0,0
愛知県,阿久比町,大字卯坂,,小谷,160,7,-118128,-22352.9,34.934942,136.921975,0,1,0,0
愛知県,阿久比町,大字卯坂,,富士塚,51,7,-118247.3,-22338,34.933867,136.922142,0,1,0,0
愛知県,阿久比町,大字卯坂,,小曽ケ脇,101,7,-117910.8,-22344.5,34.936902,136.922061,0,1,0,0
愛知県,阿久比町,大字卯坂,,猿田,1,7,-117592.3,-22191.9,34.939774,136.923722,0,1,0,0
愛知県,阿久比町,大字卯坂,,狐平井,2,7,-117706.6,-22304,34.938743,136.922496,0,1,0,0
愛知県,阿久比町,大字卯坂,,向山下,1,7,-117788.8,-22297.7,34.938001,136.922571,0,1,0,0
愛知県,阿久比町,大字卯坂,,大場,10,7,-118396.3,-22221.2,34.932527,136.923423,0,1,0,0
愛知県,阿久比町,大字横松,,大川向,46,7,-120697.1,-21800.2,34.911794,136.928091,0,1,0,0
愛知県,阿久比町,大字横松,,宮前,57,7,-120492.3,-21804.5,34.913642,136.928039,0,1,0,0
愛知県,阿久比町,大字横松,,楢,5,7,-120339.1,-21771.5,34.915024,136.928396,0,1,0,0
愛知県,阿久比町,大字横松,,清水,92,7,-120284.3,-21767.9,34.915515,136.928435,0,1,0,0
愛知県,阿久比町,大字横松,,西之海道,31,7,-120290.6,-21645.2,34.915461,136.929777,0,1,0,0
愛知県,阿久比町,大字横松,,芝原,1,7,-120670.3,-21633.7,34.912041,136.929912,0,1,0,0
愛知県,阿久比町,大字横松,,西側,22,7,-120334.3,-21593.7,34.91507,136.930341,0,1,0,0
愛知県,阿久比町,大字横松,,清水寺,22,7,-120186.3,-21545.5,34.916406,136.930865,0,1,0,0
愛知県,阿久比町,大字横松,,前田,21,7,-120432.5,-21435.2,34.914188,136.932077,0,1,0,0
愛知県,阿久比町,大字横松,,池之谷,1,7,-120148.1,-21466.5,34.91675,136.931729,0,1,0,0
愛知県,阿久比町,大字横松,,月見ケ丘,4,7,-120231,-21383,34.916006,136.932645,0,1,0,0
愛知県,阿久比町,大字横松,,前田社,25,7,-120390.5,-21451,34.914566,136.931905,0,1,0,0
愛知県,阿久比町,大字横松,,中側,5,7,-120377.1,-21377.9,34.914689,136.932704,0,1,0,0
愛知県,阿久比町,大字横松,,東側,1,7,-120450.8,-21161.5,34.914028,136.935073,0,1,0,0
愛知県,阿久比町,大字横松,,深田坊,37,7,-120499.1,-21156,34.913592,136.935136,0,1,0,0
愛知県,阿久比町,大字横松,,乙張,1,7,-120699.8,-20948.5,34.911788,136.937412,0,1,0,0
愛知県,阿久比町,大字横松,,新屋敷,15,7,-120630.1,-20958.5,34.912416,136.937299,0,1,0,0
愛知県,阿久比町,大字宮津,,東王場,1,7,-118401.6,-22277.2,34.932476,136.922809,0,1,0,0
愛知県,阿久比町,大字宮津,,宮天神,11,7,-118738.8,-22200.5,34.92944,136.923658,0,1,0,0
愛知県,阿久比町,大字宮津,,新海山,122,7,-118096.1,-22207,34.935234,136.923571,0,1,0,0
愛知県,阿久比町,大字宮津,,二子東,2,7,-118604.8,-22128.5,34.930649,136.924444,0,1,0,0
愛知県,阿久比町,大字宮津,,大場,20,7,-118433.1,-22151,34.932195,136.924192,0,1,0,0
愛知県,阿久比町,大字宮津,,向田,1,7,-118502.1,-22116.9,34.931576,136.924568,0,1,0,0
愛知県,阿久比町,大字宮津,,西森下,7,7,-119058.6,-22039.7,34.926561,136.925427,0,1,0,0
愛知県,阿久比町,大字宮津,,小廻間,66,7,-117769.3,-22034.7,34.938184,136.925448,0,1,0,0
愛知県,阿久比町,大字宮津,,宮家下,14,7,-118958.3,-22038.5,34.927464,136.925438,0,1,0,0
愛知県,阿久比町,大字宮津,,五反田上,1,7,-117880.8,-21842.5,34.937182,136.927555,0,1,0,0
愛知県,阿久比町,大字宮津,,山田,100,7,-118233.1,-21951.4,34.934004,136.926373,0,1,0,0
愛知県,阿久比町,大字宮津,,森下,11,7,-119038.1,-21955.5,34.926746,136.926347,0,1,0,0
愛知県,阿久比町,大字宮津,,山子山,20,7,-118385.1,-21892.5,34.932634,136.927021,0,1,0,0
愛知県,阿久比町,大字宮津,,蟹田,5,7,-118902,-21888.9,34.927976,136.927075,0,1,0,0
愛知県,阿久比町,大字宮津,,宮平柴,15,7,-119307.8,-21879.2,34.924317,136.92719,0,1,0,0
愛知県,阿久比町,大字宮津,,神池下,3,7,-119401.6,-21850.9,34.923471,136.927503,0,1,0,0
愛知県,阿久比町,大字宮津,,宮本,1,7,-119071.6,-21859.5,34.926447,136.9274,0,1,0,0
愛知県,阿久比町,大字宮津,,堂道,8,7,-118838.3,-21851,34.92855,136.927488,0,1,0,0
愛知県,阿久比町,大字宮津,,井戸廻間,3,7,-118664.3,-21807.7,34.93012,136.927955,0,1,0,0
愛知県,阿久比町,大字宮津,,珠理田,1,7,-119043.3,-21722.5,34.926704,136.928899,0,1,0,0
愛知県,阿久比町,大字宮津,,宮上ノ山,1,7,-118883.5,-21662,34.928148,136.929557,0,1,0,0
愛知県,阿久比町,大字宮津,,下屋郷,1,7,-118760.3,-21533.9,34.92926,136.930957,0,1,0,0
愛知県,阿久比町,大字宮津,,広脇,1,7,-118614.3,-21617.4,34.930574,136.930038,0,1,0,0
愛知県,阿久比町,大字宮津,,宮新田,7,7,-118419.8,-21513.5,34.93233,136.931172,0,1,0,0
愛知県,阿久比町,大字宮津,,石下根,38,7,-119130.3,-21669.2,34.925922,136.929484,0,1,0,0
愛知県,阿久比町,大字宮津,,坂ノ上,33,7,-119064.3,-21603.7,34.926518,136.930201,0,1,0,0
愛知県,阿久比町,大字宮津,,定砂ケ池,1,7,-118645,-21263.9,34.930306,136.933909,0,1,0,0
愛知県,阿久比町,大字宮津,,屋郷,2,7,-118850.6,-21209.5,34.928454,136.934509,0,1,0,0
愛知県,阿久比町,大字宮津,,下山田,5,7,-118353.1,-21084.9,34.932941,136.93586,0,1,0,0
愛知県,阿久比町,大字植大,,八亀,15,7,-120109.8,-26018.2,34.916989,136.881913,0,1,0,0
愛知県,阿久比町,大字植大,,植大谷,12,7,-120594.5,-25377.2,34.912638,136.888943,0,1,0,0
愛知県,阿久比町,大字植大,,傾城廻間谷,7,7,-120005,-25465.5,34.917949,136.887958,0,1,0,0
愛知県,阿久比町,大字植大,,蟻塚根,30,7,-120467.8,-25184.2,34.913783,136.891052,0,1,0,0
愛知県,阿久比町,大字植大,,茜,70,7,-120160.8,-25009.5,34.916555,136.892954,0,1,0,0
愛知県,阿久比町,大字植大,,東長子,15,7,-120552,-24902.2,34.913032,136.89414,0,1,0,0
愛知県,阿久比町,大字植大,,池田,14,7,-120372.3,-24634.7,34.914659,136.897063,0,1,0,0
愛知県,阿久比町,大字植大,,池ノ内,38,7,-120201.6,-24017.5,34.916212,136.903813,0,1,0,0
愛知県,阿久比町,大字植大,,天子戸,7,7,-120097.1,-23908.5,34.917157,136.905002,0,1,0,0
愛知県,阿久比町,大字植大,,大鰻谷,29,7,-120246.6,-23629.4,34.915815,136.908061,0,1,0,0
愛知県,阿久比町,大字植大,,箕山,1,7,-119885.3,-23605.2,34.919072,136.908317,0,1,0,0
愛知県,阿久比町,大字植大,,東矢勝,7,7,-120442.3,-23540.7,34.914053,136.909037,0,1,0,0
愛知県,阿久比町,大字植大,,植大西,39,7,-119666.8,-23443.5,34.921045,136.910079,0,1,0,0
愛知県,阿久比町,大字植大,,大北浦,21,7,-119822.6,-23449.5,34.919642,136.910018,0,1,0,0
愛知県,阿久比町,大字植大,,東鰻谷,22,7,-120145.8,-23359.7,34.91673,136.91101,0,1,0,0
愛知県,阿久比町,大字植大,,一本木,8,7,-119912.8,-23348.7,34.91883,136.911124,0,1,0,0
愛知県,阿久比町,大字植大,,植山ノ神,4,7,-119613.8,-23258,34.921528,136.912107,0,1,0,0
愛知県,阿久比町,大字植大,,北本会下,7,7,-119969.1,-23192.4,34.918326,136.912835,0,1,0,0
愛知県,阿久比町,大字植大,,南本会下,23,7,-120036.5,-23244.7,34.917718,136.912264,0,1,0,0
愛知県,阿久比町,大字植大,,西狐谷,17,7,-120141.1,-23252.5,34.916775,136.912183,0,1,0,0
愛知県,阿久比町,大字植大,,東狐谷,8,7,-120264.6,-23231.5,34.915663,136.912416,0,1,0,0
愛知県,阿久比町,大字植大,,植中根,16,7,-119816.8,-23225.5,34.919699,136.91247,0,1,0,0
愛知県,阿久比町,大字植大,,森後,3,7,-120403.6,-23107.5,34.914411,136.913777,0,1,0,0
愛知県,阿久比町,大字植大,,山際,1,7,-119897.3,-23130.7,34.918976,136.913509,0,1,0,0
愛知県,阿久比町,大字植大,,御手洗,5,7,-120505.5,-22998.9,34.913496,136.914969,0,1,0,0
愛知県,阿久比町,大字植大,,牡手池,1,7,-120295.1,-23058.9,34.91539,136.914306,0,1,0,0
愛知県,阿久比町,大字植大,,荒子,29,7,-120246.6,-23116.9,34.915827,136.91367,0,1,0,0
愛知県,阿久比町,大字植大,,西山ノ手,8,7,-119973.6,-23102.2,34.918287,136.913822,0,1,0,0
愛知県,阿久比町,大字植大,,西案留,31,7,-119869.1,-23081.2,34.919231,136.914049,0,1,0,0
愛知県,阿久比町,大字植大,,鎮,1,7,-120203.3,-22973.4,34.91622,136.91524,0,1,0,0
愛知県,阿久比町,大字植大,,中案留,1,7,-119853.3,-23002.2,34.919376,136.914914,0,1,0,0
愛知県,阿久比町,大字植大,,植向山,1,7,-120391.3,-22934,34.914527,136.915675,0,1,0,0
愛知県,阿久比町,大字植大,,東案留,25,7,-119904.5,-22968.5,34.918914,136.915285,0,1,0,0
愛知県,阿久比町,大字植大,,東山ノ手,38,7,-119969.3,-22970.5,34.918331,136.915264,0,1,0,0
愛知県,阿久比町,大字植大,,北後,1,7,-119964.8,-22922.9,34.918371,136.915785,0,1,0,0
愛知県,阿久比町,大字植大,,伊賀畑,6,7,-119857,-22893,34.919344,136.91611,0,1,0,0
愛知県,阿久比町,大字植大,,西廻間,6,7,-120281.1,-22881.9,34.915522,136.916243,0,1,0,0
愛知県,阿久比町,大字植大,,南側,12,7,-120211,-22870.2,34.916153,136.916368,0,1,0,0
愛知県,阿久比町,大字植大,,寒行坊,19,7,-120015.8,-22809,34.917914,136.917033,0,1,0,0
愛知県,阿久比町,大字植大,,西徳吉,1,7,-119807.8,-22750.7,34.919789,136.917665,0,1,0,0
愛知県,阿久比町,大字植大,,上ケ畑,9,7,-119869.3,-22730.2,34.919238,136.91789,0,1,0,0
愛知県,阿久比町,大字植大,,東徳吉,1,7,-119765.8,-22659.2,34.920171,136.918666,0,1,0,0
愛知県,阿久比町,大字植大,,高徳吉,1,7,-119641.6,-22653.2,34.92129,136.918727,0,1,0,0
愛知県,阿久比町,大字植大,,石坂,22,7,-120183.3,-22634.7,34.916407,136.918945,0,1,0,0
愛知県,阿久比町,大字植大,,植深田,1,7,-120298,-22648.7,34.915374,136.918794,0,1,0,0
愛知県,阿久比町,大字植大,,中郷,38,7,-119956.8,-22578.7,34.918453,136.919552,0,1,0,0
愛知県,阿久比町,大字植大,,大野崎,33,7,-120221.1,-22554.5,34.916069,136.919823,0,1,0,0
愛知県,阿久比町,大字植大,,大宮前,1,7,-120149.8,-22500.5,34.916713,136.920412,0,1,0,0
愛知県,阿久比町,大字植大,,柿崎,1,7,-120014.8,-22529.7,34.917929,136.920089,0,1,0,0
愛知県,阿久比町,大字植大,,築地,3,7,-120165.5,-22414.7,34.916575,136.921352,0,1,0,0
愛知県,阿久比町,大字植大,,大松本,7,7,-120096.1,-22415.7,34.917198,136.921339,0,1,0,0
愛知県,阿久比町,大字植大,,野崎,1,7,-120377.6,-22367.9,34.914662,136.921871,0,1,0,0
愛知県,阿久比町,大字植大,,植高田,31,7,-120497.6,-22326.7,34.913583,136.922325,0,1,0,0
愛知県,阿久比町,大字植大,,大坪,52,7,-120270.3,-22344.2,34.91563,136.922125,0,1,0,0
愛知県,阿久比町,大字植大,,浜田,1,7,-120447.1,-22168,34.91404,136.924059,0,1,0,0
愛知県,阿久比町,大字植大,,大前田,1,7,-120053.6,-22235,34.917586,136.923315,0,1,0,0
愛知県,阿久比町,大字草木,,多賀前,73,7,-116023.1,-25877,34.953834,136.883331,0,1,0,0
愛知県,阿久比町,大字草木,,上外六,56,7,-116936.1,-26135.5,34.945596,136.88053,0,1,0,0
愛知県,阿久比町,大字草木,,下大池,70,7,-116287.8,-26035.5,34.951444,136.881605,0,1,0,0
愛知県,阿久比町,大字草木,,芳池,4,7,-117189.3,-25951.5,34.94332,136.882553,0,1,0,0
愛知県,阿久比町,大字草木,,草中根,35,7,-116956.6,-25993.9,34.945414,136.88208,0,1,0,0
愛知県,阿久比町,大字草木,,小山,136,7,-116833.8,-25971.9,34.946522,136.882318,0,1,0,0
愛知県,阿久比町,大字草木,,西前,113,7,-116130.5,-25842.9,34.952868,136.88371,0,1,0,0
愛知県,阿久比町,大字草木,,下大曽,4,7,-117421.3,-25368.7,34.941242,136.888938,0,1,0,0
愛知県,阿久比町,大字草木,,草深田,21,7,-116633.8,-25551.2,34.948335,136.886918,0,1,0,0
愛知県,阿久比町,大字草木,,塩売田,34,7,-116020.5,-25510.7,34.953867,136.887344,0,1,0,0
愛知県,阿久比町,大字草木,,洲原,59,7,-116538.6,-25532.7,34.949196,136.887117,0,1,0,0
愛知県,阿久比町,大字草木,,伯父ケ脇,1,7,-116991.8,-25408.5,34.945113,136.88849,0,1,0,0
愛知県,阿久比町,大字草木,,戎海道,14,7,-116277.1,-25346,34.951557,136.889154,0,1,0,0
愛知県,阿久比町,大字草木,,草山之神,2,7,-116727.6,-25373.9,34.947496,136.888862,0,1,0,0
愛知県,阿久比町,大字草木,,上鶴若,16,7,-115925.8,-25280.2,34.954726,136.889862,0,1,0,0
愛知県,阿久比町,大字草木,,草清水,22,7,-116011.6,-25307.2,34.953952,136.889569,0,1,0,0
愛知県,阿久比町,大字草木,,草石根,1,7,-116053.6,-25293.5,34.953574,136.889722,0,1,0,0
愛知県,阿久比町,大字草木,,真先,2,7,-117006.8,-25243.2,34.944983,136.890301,0,1,0,0
愛知県,阿久比町,大字草木,,峯畑,32,7,-116655.6,-25259.5,34.948148,136.890111,0,1,0,0
愛知県,阿久比町,大字草木,,寺脇,1,7,-116853.6,-25220.2,34.946362,136.890548,0,1,0,0
愛知県,阿久比町,大字草木,,間瀬口,12,7,-116354.6,-25221.4,34.950862,136.890521,0,1,0,0
愛知県,阿久比町,大字草木,,乙ケ脇,53,7,-115777.6,-25183.2,34.956065,136.890919,0,1,0,0
愛知県,阿久比町,大字草木,,北池田,6,7,-117208.3,-25159.4,34.943168,136.891225,0,1,0,0
愛知県,阿久比町,大字草木,,北屋敷,2,7,-116280.1,-25200.7,34.951534,136.890745,0,1,0,0
愛知県,阿久比町,大字草木,,新田前,24,7,-116022.3,-25126.9,34.953859,136.891546,0,1,0,0
愛知県,阿久比町,大字草木,,下新林,23,7,-117351.1,-25142,34.941881,136.891419,0,1,0,0
愛知県,阿久比町,大字草木,,草松本,15,7,-115910.6,-25044,34.95487,136.892449,0,1,0,0
愛知県,阿久比町,大字草木,,白山根,27,7,-115938.1,-25104.7,34.954619,136.891784,0,1,0,0
愛知県,阿久比町,大字草木,,牛作,10,7,-116475.1,-25092.4,34.949778,136.891937,0,1,0,0
愛知県,阿久比町,大字草木,,池之脇,10,7,-116680.1,-25070.2,34.94793,136.892186,0,1,0,0
愛知県,阿久比町,大字草木,,中之坪,3,7,-116784.3,-25087.9,34.946992,136.891995,0,1,0,0
愛知県,阿久比町,大字草木,,下竹林,18,7,-116972.3,-25110.5,34.945296,136.891752,0,1,0,0
愛知県,阿久比町,大字草木,,池田口,1,7,-116894.8,-25055.2,34.945996,136.892356,0,1,0,0
愛知県,阿久比町,大字草木,,上竹林,1,7,-117081.6,-25056.2,34.944311,136.892351,0,1,0,0
愛知県,阿久比町,大字草木,,藤ケ脇,14,7,-117230.1,-25037.2,34.942974,136.892562,0,1,0,0
愛知県,阿久比町,大字草木,,草砂子,26,7,-117150,-25022.2,34.943697,136.892726,0,1,0,0
愛知県,阿久比町,大字草木,,殿井田,47,7,-116417.1,-25022.2,34.950302,136.892704,0,1,0,0
愛知県,阿久比町,大字草木,,下池田,14,7,-117161.6,-25014,34.943593,136.892816,0,1,0,0
愛知県,阿久比町,大字草木,,寺前,1,7,-116759.5,-24908.4,34.94722,136.893959,0,1,0,0
愛知県,阿久比町,大字草木,,中郷,1,7,-116487.6,-24956,34.949669,136.893429,0,1,0,0
愛知県,阿久比町,大字草木,,井戸ケ脇,1,7,-116922.1,-24937.5,34.945754,136.893646,0,1,0,0
愛知県,阿久比町,大字草木,,中島,25,7,-116681.8,-24961.5,34.947918,136.893376,0,1,0,0
愛知県,阿久比町,大字草木,,平池,16,7,-117352.3,-24927,34.941876,136.893773,0,1,0,0
愛知県,阿久比町,大字草木,,岩木,15,7,-116165.1,-24900.2,34.952579,136.894032,0,1,0,0
愛知県,阿久比町,大字草木,,杁向,10,7,-116783.5,-24878.4,34.947004,136.894288,0,1,0,0
愛知県,阿久比町,大字草木,,御室,1,7,-117017.6,-24847.2,34.944893,136.894636,0,1,0,0
愛知県,阿久比町,大字草木,,福原,1,7,-116704.8,-24760,34.947716,136.895581,0,1,0,0
愛知県,阿久比町,大字草木,,平井林,12,7,-116912.3,-24818.7,34.945844,136.894946,0,1,0,0
愛知県,阿久比町,大字草木,,外畑,7,7,-117130.6,-24711.4,34.94388,136.896128,0,1,0,0
愛知県,阿久比町,大字草木,,松山,12,7,-116395.5,-24750.4,34.950505,136.895679,0,1,0,0
愛知県,阿久比町,大字草木,,上元倉,10,7,-117283.8,-24679.7,34.942498,136.896478,0,1,0,0
愛知県,阿久比町,大字草木,,福池,8,7,-116780.6,-24747,34.947032,136.895727,0,1,0,0
愛知県,阿久比町,大字草木,,草出口,1,7,-116363,-24630.5,34.9508,136.896989,0,1,0,0
愛知県,阿久比町,大字草木,,蓮池,78,7,-115858.5,-24750.5,34.955345,136.895661,0,1,0,0
愛知県,阿久比町,大字草木,,栄,24,7,-116619.3,-24734.2,34.948487,136.895862,0,1,0,0
愛知県,阿久比町,大字草木,,下之池,3,7,-116927.6,-24717.9,34.945709,136.89605,0,1,0,0
愛知県,阿久比町,大字草木,,北奥之脇,52,7,-116047.5,-24675.5,34.953643,136.896488,0,1,0,0
愛知県,阿久比町,大字草木,,堂ノ前,1,7,-116826.3,-24608,34.946626,136.897248,0,1,0,0
愛知県,阿久比町,大字草木,,膝ケ根,76,7,-117205.8,-24509,34.943207,136.898346,0,1,0,0
愛知県,阿久比町,大字草木,,平井堀,3,7,-116634,-24521.7,34.94836,136.898189,0,1,0,0
愛知県,阿久比町,大字草木,,南奥之脇,2,7,-116314.1,-24503.2,34.951244,136.898382,0,1,0,0
愛知県,阿久比町,大字草木,,柏原,1,7,-117012.8,-24541,34.944946,136.897989,0,1,0,0
愛知県,阿久比町,大字草木,,堀田,2,7,-116823.8,-24506.2,34.946651,136.898363,0,1,0,0
愛知県,阿久比町,大字草木,,柏原東,1,7,-117034.5,-24395,34.944754,136.899587,0,1,0,0
愛知県,阿久比町,大字草木,,柏原前,3,7,-116860.3,-24466.4,34.946322,136.898802,0,1,0,0
愛知県,阿久比町,大字草木,,紐名,26,7,-117148.6,-24421.5,34.943724,136.899301,0,1,0,0
愛知県,阿久比町,大字草木,,草宮前,26,7,-116414.3,-24401.2,34.950344,136.899502,0,1,0,0
愛知県,阿久比町,大字草木,,末広,1,7,-116860.8,-24391,34.946319,136.899628,0,1,0,0
愛知県,阿久比町,大字草木,,笹山,73,7,-115920,-24401.2,34.954801,136.899487,0,1,0,0
愛知県,阿久比町,大字草木,,平井松,4,7,-116646.5,-24327,34.948253,136.900321,0,1,0,0
愛知県,阿久比町,大字草木,,万場,18,7,-116825.1,-24327.9,34.946641,136.900317,0,1,0,0
愛知県,阿久比町,大字草木,,温り池下,6,7,-116908.8,-24343.9,34.945886,136.900145,0,1,0,0
愛知県,阿久比町,大字草木,,細池,74,7,-116334.1,-24295.7,34.95107,136.900655,0,1,0,0
愛知県,阿久比町,大字草木,,池末,4,7,-117051.8,-24262.2,34.9446,136.901041,0,1,0,0
愛知県,阿久比町,大字草木,,下神田,18,7,-116708.1,-24222.9,34.947699,136.901463,0,1,0,0
愛知県,阿久比町,大字草木,,上神田,20,7,-116673.8,-24218.7,34.948008,136.901508,0,1,0,0
愛知県,阿久比町,大字草木,,盗人ケ脇,1,7,-117049.6,-24153.5,34.944623,136.902231,0,1,0,0
愛知県,阿久比町,大字草木,,峰東,1,7,-116934.3,-24153,34.945663,136.902233,0,1,0,0
愛知県,阿久比町,大字草木,,草米山,3,7,-116550.8,-23883.7,34.949126,136.90517,0,1,0,0
愛知県,阿久比町,大字草木,,花吹,1,7,-116788,-24143.9,34.946981,136.902331,0,1,0,0
愛知県,阿久比町,大字草木,,御林前,9,7,-116449.1,-23963.7,34.95004,136.904292,0,1,0,0
愛知県,阿久比町,大字草木,,東郷,1,7,-116699.5,-23910.4,34.947786,136.904885,0,1,0,0
愛知県,阿久比町,大字草木,,朝日,20,7,-116925.6,-23925.2,34.945746,136.904729,0,1,0,0
愛知県,阿久比町,大字草木,,尾花ケ脇,88,7,-116955.8,-23918.2,34.945473,136.904806,0,1,0,0
愛知県,阿久比町,大字草木,,御林,12,7,-116308.8,-23821.5,34.951309,136.905845,0,1,0,0
愛知県,阿久比町,大字草木,,三日清水,4,7,-116731.1,-23849,34.947501,136.905556,0,1,0,0
愛知県,阿久比町,大字草木,,横手,28,7,-116446.6,-23636.5,34.950071,136.907874,0,1,0,0
愛知県,阿久比町,大字萩,,詩丹田,16,7,-119756,-21931.7,34.920276,136.926627,0,1,0,0
愛知県,阿久比町,大字萩,,砂瀬,7,7,-119807.3,-21906.2,34.919814,136.926908,0,1,0,0
愛知県,阿久比町,大字萩,,矢下,15,7,-119470.3,-21835.7,34.922854,136.927672,0,1,0,0
愛知県,阿久比町,大字萩,,曽根,6,7,-119447.6,-21802,34.923059,136.92804,0,1,0,0
愛知県,阿久比町,大字萩,,新川,37,7,-119918.5,-21707,34.918816,136.929091,0,1,0,0
愛知県,阿久比町,大字萩,,伍反田,16,7,-119683.6,-21719.7,34.920932,136.928946,0,1,0,0
愛知県,阿久比町,大字萩,,南ノ脇,21,7,-119525.1,-21682.7,34.922362,136.929346,0,1,0,0
愛知県,阿久比町,大字萩,,白山西,3,7,-119389.8,-21695.4,34.923582,136.929204,0,1,0,0
愛知県,阿久比町,大字萩,,坂南,5,7,-119657.1,-21693.7,34.921171,136.92923,0,1,0,0
愛知県,阿久比町,大字萩,,凹清水,14,7,-119926.1,-21466,34.918753,136.931728,0,1,0,0
愛知県,阿久比町,大字萩,,汁手,7,7,-119225.3,-21582,34.925066,136.930441,0,1,0,0
愛知県,阿久比町,大字萩,,東新田,10,7,-119619.3,-21433.2,34.921519,136.93208,0,1,0,0
愛知県,阿久比町,大字萩,,上ノ割,1,7,-119568.5,-21478.7,34.921976,136.931581,0,1,0,0
愛知県,阿久比町,大字萩,,五瀬,35,7,-119727.1,-21340.4,34.920547,136.933098,0,1,0,0
愛知県,阿久比町,大字萩,,道間,1,7,-119478.8,-21342.4,34.922787,136.933071,0,1,0,0
愛知県,阿久比町,大字白沢,,東大堀,14,7,-116257.1,-23549.5,34.95178,136.908824,0,1,0,0
愛知県,阿久比町,大字白沢,,西之山,13,7,-116364.1,-23537.9,34.950817,136.908953,0,1,0,0
愛知県,阿久比町,大字白沢,,結芽木,10,7,-115817.8,-23449.2,34.955744,136.909909,0,1,0,0
愛知県,阿久比町,大字白沢,,北大堀,6,7,-116184.5,-23505.7,34.952438,136.9093,0,1,0,0
愛知県,阿久比町,大字白沢,,峠,1,7,-116528.6,-23475.5,34.949336,136.909639,0,1,0,0
愛知県,阿久比町,大字白沢,,親海道,14,7,-116099.5,-23324.5,34.953207,136.911282,0,1,0,0
愛知県,阿久比町,大字白沢,,西中根,1,7,-116445.5,-23384.2,34.950088,136.910637,0,1,0,0
愛知県,阿久比町,大字白沢,,北根,31,7,-116150.8,-23398.7,34.952742,136.910471,0,1,0,0
愛知県,阿久比町,大字白沢,,向根,6,7,-116464.5,-23316.7,34.949917,136.911376,0,1,0,0
愛知県,阿久比町,大字白沢,,下前田,1,7,-116509.6,-23307,34.949511,136.911485,0,1,0,0
愛知県,阿久比町,大字白沢,,切山,15,7,-115848.3,-23338.7,34.955471,136.911119,0,1,0,0
愛知県,阿久比町,大字白沢,,中野根,28,7,-116300.6,-23367.2,34.951393,136.91082,0,1,0,0
愛知県,阿久比町,大字白沢,,東中根,3,7,-116360.8,-23274.2,34.950851,136.911841,0,1,0,0
愛知県,阿久比町,大字白沢,,下谷,8,7,-116204.6,-23256.5,34.952261,136.912029,0,1,0,0
愛知県,阿久比町,大字白沢,,下カナクソ,1,7,-115303.1,-23065.4,34.960393,136.914097,0,1,0,0
愛知県,阿久比町,大字白沢,,中曽根,2,7,-116180.1,-23055.7,34.952486,136.914227,0,1,0,0
愛知県,阿久比町,大字白沢,,上蔵々,34,7,-115410.1,-23083.2,34.959426,136.913905,0,1,0,0
愛知県,阿久比町,大字白沢,,天神裏,49,7,-115705.3,-23104.7,34.956766,136.913677,0,1,0,0
愛知県,阿久比町,大字白沢,,庵ノ下,8,7,-116329.6,-23087.5,34.951138,136.913883,0,1,0,0
愛知県,阿久比町,大字白沢,,天神前,54,7,-116049.5,-23074.7,34.953665,136.914016,0,1,0,0
愛知県,阿久比町,大字白沢,,二反ノ田,24,7,-116401.1,-23030.2,34.950496,136.914513,0,1,0,0
愛知県,阿久比町,大字白沢,,下蔵々,18,7,-115473.1,-23050.2,34.95886,136.914266,0,1,0,0
愛知県,阿久比町,大字白沢,,縄手,22,7,-116151.3,-23019,34.952748,136.914627,0,1,0,0
愛知県,阿久比町,大字白沢,,豊石山,2,7,-115804,-23022.9,34.955879,136.914576,0,1,0,0
愛知県,阿久比町,大字白沢,,西石根,1,7,-115366.8,-22994.5,34.95982,136.914874,0,1,0,0
愛知県,阿久比町,大字白沢,,上カナクソ,4,7,-115163.8,-22979.7,34.961651,136.915031,0,1,0,0
愛知県,阿久比町,大字白沢,,北天神脇,1,7,-115640.3,-22953.9,34.957355,136.915326,0,1,0,0
愛知県,阿久比町,大字白沢,,白山浦,10,7,-116181.3,-22897.5,34.95248,136.91596,0,1,0,0
愛知県,阿久比町,大字白沢,,ミノカケ,6,7,-115492.6,-22870.9,34.958689,136.916233,0,1,0,0
愛知県,阿久比町,大字白沢,,東豊石山,1,7,-115857,-22846,34.955404,136.916514,0,1,0,0
愛知県,阿久比町,大字白沢,,北石根,10,7,-115183.8,-22860.4,34.961472,136.916338,0,1,0,0
愛知県,阿久比町,大字白沢,,南石根,1,7,-115407.3,-22888.5,34.959457,136.916036,0,1,0,0
愛知県,阿久比町,大字白沢,,南天神脇,5,7,-115712.6,-22778.5,34.956707,136.917249,0,1,0,0
愛知県,阿久比町,大字白沢,,下釜ケ池,16,7,-115208.1,-22883.5,34.961252,136.916087,0,1,0,0
愛知県,阿久比町,大字白沢,,池下,19,7,-116084,-22845.2,34.953358,136.916528,0,1,0,0
愛知県,阿久比町,大字白沢,,表山,5,7,-116327.8,-22743,34.951161,136.917654,0,1,0,0
愛知県,阿久比町,大字白沢,,池ノ浦,8,7,-115760.5,-22655,34.956279,136.918603,0,1,0,0
愛知県,阿久比町,大字白沢,,東石根,1,7,-115204.1,-22647.2,34.961295,136.918675,0,1,0,0
愛知県,阿久比町,大字白沢,,口半ノ木,15,7,-115620.8,-22600.2,34.957538,136.919199,0,1,0,0
愛知県,阿久比町,大字白沢,,大池,1,7,-115869.8,-22543.9,34.955295,136.919823,0,1,0,0
愛知県,阿久比町,大字板山,,西ノ海道山,22,7,-117152.3,-22077.2,34.943744,136.924967,0,1,0,0
愛知県,阿久比町,大字板山,,南天白,10,7,-116926.8,-21990.7,34.945779,136.925908,0,1,0,0
愛知県,阿久比町,大字板山,,西菱池,65,7,-116424.1,-21896.2,34.950313,136.926929,0,1,0,0
愛知県,阿久比町,大字板山,,比沙田,70,7,-117451.3,-21808.9,34.941054,136.927911,0,1,0,0
愛知県,阿久比町,大字板山,,北天白,18,7,-116911.3,-21834.2,34.945922,136.92762,0,1,0,0
愛知県,阿久比町,大字板山,,新畑,11,7,-117066,-21843.4,34.944527,136.927525,0,1,0,0
愛知県,阿久比町,大字板山,,川向,4,7,-116914.6,-21684.5,34.945895,136.929259,0,1,0,0
愛知県,阿久比町,大字板山,,前田,29,7,-117044.6,-21703.2,34.944724,136.929058,0,1,0,0
愛知県,阿久比町,大字板山,,南狭間,2,7,-117238.8,-21696.5,34.942971,136.929136,0,1,0,0
愛知県,阿久比町,大字板山,,本郷,85,7,-116936.6,-21549.9,34.945701,136.930734,0,1,0,0
愛知県,阿久比町,大字板山,,柘榴,18,7,-117140.6,-21460.7,34.943863,136.931714,0,1,0,0
愛知県,阿久比町,大字板山,,北反田,10,7,-116539.5,-21327.7,34.949285,136.933156,0,1,0,0
愛知県,阿久比町,大字板山,,下山田口,4,7,-118183.6,-21386.9,34.934462,136.93255,0,1,0,0
愛知県,阿久比町,大字板山,,畑崎,8,7,-117430.1,-21178.9,34.94126,136.934808,0,1,0,0
愛知県,阿久比町,大字板山,,中屋敷,12,7,-116898.3,-21317.2,34.94605,136.933279,0,1,0,0
愛知県,阿久比町,大字板山,,向山,43,7,-117018.1,-21239.4,34.944972,136.934135,0,1,0,0
愛知県,阿久比町,大字板山,,イモジヤ,2,7,-116731.6,-21248.2,34.947555,136.934031,0,1,0,0
愛知県,阿久比町,大字板山,,種池,34,7,-116861.5,-21123.2,34.946387,136.935403,0,1,0,0
愛知県,阿久比町,大字板山,,東高根,12,7,-117786,-20982.9,34.938056,136.936963,0,1,0,0
愛知県,阿久比町,大字板山,,斧池,35,7,-116723,-21161.2,34.947634,136.934983,0,1,0,0
愛知県,阿久比町,大字板山,,獅子渡,1,7,-116406.8,-21112.5,34.950485,136.935508,0,1,0,0
愛知県,阿久比町,大字板山,,平成,35,7,-116526.8,-20978.5,34.949406,136.936979,0,1,0,0
愛知県,阿久比町,大字板山,,福井,25,7,-117285.8,-20993.2,34.942565,136.936837,0,1,0,0
愛知県,阿久比町,大字板山,,旭台,25,7,-116874.6,-20945.5,34.946272,136.937349,0,1,0,0
愛知県,阿久比町,大字板山,,長根,168,7,-117315.1,-20742.5,34.942304,136.939582,0,1,0,0
愛知県,阿久比町,大字板山,,三ノ山,6,7,-117085.8,-20802.5,34.94437,136.938919,0,1,0,0
愛知県,阿久比町,大字板山,,東台,21,7,-117118.3,-20689.7,34.94408,136.940156,0,1,0,0
愛知県,阿久比町,大字板山,,茨谷,95,7,-116958.5,-20674,34.945521,136.940323,0,1,0,0
愛知県,阿久比町,大字板山,,広脇,6,7,-117121.6,-20618.5,34.944052,136.940935,0,1,0,0
愛知県,阿久比町,大字板山,,カチキ,61,7,-117276.3,-20534.2,34.942658,136.941861,0,1,0,0
愛知県,阿久比町,大字福住,,松葉谷,9,7,-116072.3,-22556.2,34.953468,136.919692,0,1,0,0
愛知県,阿久比町,大字福住,,郷和池,10,7,-116648,-22642.7,34.948278,136.918763,0,1,0,0
愛知県,阿久比町,大字福住,,石亀坂,1,7,-116525.8,-22651.9,34.949379,136.918657,0,1,0,0
愛知県,阿久比町,大字福住,,平野,21,7,-117007.8,-22490.9,34.945039,136.920434,0,1,0,0
愛知県,阿久比町,大字福住,,井堀,2,7,-117149.1,-22548.5,34.943762,136.919806,0,1,0,0
愛知県,阿久比町,大字福住,,松本,65,7,-116726.3,-22525.2,34.947575,136.92005,0,1,0,0
愛知県,阿久比町,大字福住,,坊田,38,7,-117341.8,-22449.5,34.942028,136.920895,0,1,0,0
愛知県,阿久比町,大字福住,,高根台,1,7,-115648,-22327.7,34.957299,136.922183,0,1,0,0
愛知県,阿久比町,大字福住,,中峯,17,7,-116484.1,-22364,34.949762,136.921807,0,1,0,0
愛知県,阿久比町,大字福住,,荒古,109,7,-117127.5,-22385.9,34.943961,136.921586,0,1,0,0
愛知県,阿久比町,大字福住,,六反田,4,7,-117104.8,-22385.2,34.944166,136.921593,0,1,0,0
愛知県,阿久比町,大字福住,,西前田,53,7,-117433.6,-22297.7,34.941203,136.922561,0,1,0,0
愛知県,阿久比町,大字福住,,東脇,78,7,-116826.3,-22238.2,34.94668,136.923193,0,1,0,0
愛知県,阿久比町,大字福住,,脇,1,7,-116763.1,-22273.2,34.947248,136.922809,0,1,0,0
愛知県,阿久比町,大字福住,,馬越,13,7,-116235.8,-22044.2,34.952007,136.925305,0,1,0,0
愛知県,阿久比町,大字福住,,申田,71,7,-117424.5,-22110.4,34.94129,136.92461,0,1,0,0
愛知県,阿久比町,大字福住,,南池,41,7,-117584.3,-21907,34.939852,136.926841,0,1,0,0
愛知県,阿久比町,大字椋岡,,丸山,1,7,-119121.6,-22794.2,34.925975,136.917169,0,1,0,0
愛知県,阿久比町,大字椋岡,,長光寺,1,7,-119232.3,-22784.7,34.924979,136.917277,0,1,0,0
愛知県,阿久比町,大字椋岡,,西畑,4,7,-119078.3,-22744.7,34.926367,136.917711,0,1,0,0
愛知県,阿久比町,大字椋岡,,天白,12,7,-119202,-22712.9,34.925252,136.918063,0,1,0,0
愛知県,阿久比町,大字椋岡,,菱田,8,7,-118643.5,-22600.4,34.93029,136.919279,0,1,0,0
愛知県,阿久比町,大字椋岡,,唐松,1,7,-119266.1,-22623.2,34.924678,136.919046,0,1,0,0
愛知県,阿久比町,大字椋岡,,南畑,2,7,-119159,-22628,34.925643,136.918991,0,1,0,0
愛知県,阿久比町,大字椋岡,,英比屋敷,31,7,-118998.5,-22614.7,34.92709,136.919132,0,1,0,0
愛知県,阿久比町,大字椋岡,,角前田,32,7,-119560.6,-22614,34.922023,136.919154,0,1,0,0
愛知県,阿久比町,大字椋岡,,道上,2,7,-118955,-22600.4,34.927483,136.919287,0,1,0,0
愛知県,阿久比町,大字椋岡,,徳吉,1,7,-119690.6,-22454.2,34.920855,136.920907,0,1,0,0
愛知県,阿久比町,大字椋岡,,,1,7,-119645.3,-22376.9,34.921264,136.921752,0,1,0,0
愛知県,阿久比町,大字椋岡,,後畑,1,7,-119312.6,-22501.5,34.924259,136.920378,0,1,0,0
愛知県,阿久比町,大字椋岡,,中長,18,7,-118926.8,-22441.5,34.927739,136.921026,0,1,0,0
愛知県,阿久比町,大字椋岡,,祭礼坊,1,7,-118926.1,-22375,34.927748,136.921754,0,1,0,0
愛知県,阿久比町,大字矢高,,小沢,50,7,-119307.5,-25609.9,34.924233,136.886358,0,1,0,0
愛知県,阿久比町,大字矢高,,楪西,47,7,-118992.3,-25499.7,34.927076,136.887553,0,1,0,0
愛知県,阿久比町,大字矢高,,西の台,3,7,-119387,-25072.2,34.92353,136.892246,0,1,0,0
愛知県,阿久比町,大字矢高,,八ケ谷,74,7,-118666.1,-25087.9,34.930028,136.892052,0,1,0,0
愛知県,阿久比町,大字矢高,,楪東,49,7,-119002.3,-25111.5,34.926997,136.891802,0,1,0,0
愛知県,阿久比町,大字矢高,,新五城,17,7,-118863.1,-24699.9,34.928261,136.896305,0,1,0,0
愛知県,阿久比町,大字矢高,,西新田,34,7,-119680.6,-24631.5,34.920893,136.897076,0,1,0,0
愛知県,阿久比町,大字矢高,,新田,20,7,-119558.1,-24269.4,34.922006,136.901038,0,1,0,0
愛知県,阿久比町,大字矢高,,五郎廻間,9,7,-119105.8,-24254.7,34.926085,136.901184,0,1,0,0
愛知県,阿久比町,大字矢高,,見立,148,7,-119860.6,-24268.9,34.91928,136.90105,0,1,0,0
愛知県,阿久比町,大字矢高,,不知廻間,3,7,-119322.5,-24109.4,34.924135,136.902781,0,1,0,0
愛知県,阿久比町,大字矢高,,井戸ケ谷,1,7,-118939.8,-23810.2,34.927591,136.906045,0,1,0,0
愛知県,阿久比町,大字矢高,,樫木田,25,7,-119800.3,-23844.7,34.919834,136.905691,0,1,0,0
愛知県,阿久比町,大字矢高,,六反,5,7,-119467.1,-23935.9,34.922834,136.904684,0,1,0,0
愛知県,阿久比町,大字矢高,,西油ン水,10,7,-119241.8,-23955.7,34.924866,136.90446,0,1,0,0
愛知県,阿久比町,大字矢高,,島田,30,7,-119530.6,-23815,34.922266,136.906008,0,1,0,0
愛知県,阿久比町,大字矢高,,東油ン水,7,7,-119189.1,-23737,34.925345,136.906854,0,1,0,0
愛知県,阿久比町,大字矢高,,高岡北,27,7,-119413.5,-23741.5,34.923324,136.906811,0,1,0,0
愛知県,阿久比町,大字矢高,,青木,10,7,-119336.1,-23561.9,34.924024,136.908774,0,1,0,0
愛知県,阿久比町,大字矢高,,高岡南,33,7,-119564.5,-23616,34.921965,136.908188,0,1,0,0
愛知県,阿久比町,大字矢高,,東山,3,7,-119468.6,-23528.2,34.922831,136.909146,0,1,0,0
愛知県,阿久比町,大字矢高,,石根,37,7,-119203.3,-23485.2,34.925224,136.909608,0,1,0,0
愛知県,阿久比町,大字矢高,,才名,15,7,-119098.3,-23555.9,34.926169,136.908834,0,1,0,0
愛知県,阿久比町,大字矢高,,寺後,22,7,-118985.1,-23458.9,34.927191,136.909892,0,1,0,0
愛知県,阿久比町,大字矢高,,仲組,1,7,-119127.8,-23366.5,34.925908,136.910907,0,1,0,0
愛知県,阿久比町,大字矢高,,高中根,2,7,-119435.1,-23341.2,34.923136,136.911192,0,1,0,0
愛知県,阿久比町,大字矢高,,内越,31,7,-119487.8,-23378.5,34.922662,136.910785,0,1,0,0
愛知県,阿久比町,大字矢高,,谷向,1,7,-119341.3,-23197.4,34.923985,136.912764,0,1,0,0
愛知県,阿久比町,大字矢高,,谷,18,7,-119221.5,-23254.4,34.925064,136.912137,0,1,0,0
愛知県,阿久比町,大字矢高,,地蔵峯,5,7,-119014.6,-23218.9,34.926931,136.912519,0,1,0,0
愛知県,阿久比町,大字矢高,,地蔵組,15,7,-119198.3,-23101,34.925277,136.913815,0,1,0,0
愛知県,阿久比町,大字矢高,,覚堂坊,16,7,-119356.1,-23063.7,34.923856,136.914227,0,1,0,0
愛知県,阿久比町,大字矢高,,三ノ山高,1,7,-119394.5,-23049.7,34.92351,136.914382,0,1,0,0
愛知県,阿久比町,大字矢高,,西長光寺,1,7,-119235.1,-23028,34.924948,136.914614,0,1,0,0
愛知県,阿久比町,大字矢高,,五反田,40,7,-119293.6,-23023.7,34.924421,136.914663,0,1,0,0
愛知県,阿久比町,大字矢高,,出口,1,7,-119580.8,-22912.4,34.921832,136.915889,0,1,0,0
愛知県,阿久比町,大字矢高,,平地,1,7,-119368.3,-22938.2,34.923749,136.915602,0,1,0,0
愛知県,阿久比町,大字矢高,,梶明,2,7,-119766.3,-22843.5,34.920163,136.916648,0,1,0,0
愛知県,阿久比町,大字矢高,,東郷,41,7,-119491.1,-22815.4,34.922645,136.916948,0,1,0,0
愛知県,阿久比町,大字矢高,,高岡前,32,7,-119535.8,-22822.7,34.922241,136.916869,0,1,0,0
