都道府県名,municipality,town,小字・通称名,街区符号・地番,座標系番号,Ｘ座標,Ｙ座標,latitude,longitude,住居表示フラグ,代表フラグ,更新前履歴フラグ,更新後履歴フラグ
愛知県,半田市,のぞみが丘一丁目,,144,7,-118890.5,-19095.2,34.928136,136.957652,0,1,0,0
愛知県,半田市,のぞみが丘三丁目,,34,7,-119498.1,-19047.2,34.92266,136.958191,0,1,0,0
愛知県,半田市,のぞみが丘二丁目,,80,7,-119067.6,-19114.7,34.926538,136.957443,0,1,0,0
愛知県,半田市,阿原町,,15,7,-120555,-18930.5,34.913134,136.959494,0,1,0,0
愛知県,半田市,旭町一丁目,,1,7,-124280.1,-22171.4,34.879486,136.924126,0,1,0,0
愛知県,半田市,旭町五丁目,,25,7,-125144,-22595.7,34.87169,136.919507,0,1,0,0
愛知県,半田市,旭町三丁目,,30,7,-124873.8,-22334.7,34.87413,136.922352,0,1,0,0
愛知県,半田市,旭町四丁目,,11,7,-125105.8,-22588.2,34.872033,136.919588,0,1,0,0
愛知県,半田市,旭町二丁目,,5,7,-124592.6,-22305,34.876666,136.922672,0,1,0,0
愛知県,半田市,一ノ草町,,208,7,-120263.6,-20581,34.915728,136.941422,0,1,0,0
愛知県,半田市,一本木町一丁目,,34,7,-119256.8,-19508.5,34.924824,136.953137,0,1,0,0
愛知県,半田市,一本木町三丁目,,29,7,-119543,-19571.4,34.922244,136.952457,0,1,0,0
愛知県,半田市,一本木町二丁目,,32,7,-119390.8,-19561.2,34.923617,136.952563,0,1,0,0
愛知県,半田市,稲荷町一丁目,,85,7,-124467,-24262,34.877755,136.901261,0,1,0,0
愛知県,半田市,稲荷町三丁目,,25,7,-124733.6,-24520,34.875345,136.898445,0,1,0,0
愛知県,半田市,稲荷町二丁目,,43,7,-124679.1,-24273.7,34.875841,136.901139,0,1,0,0
愛知県,半田市,稲穂町一丁目,,9,7,-118488.3,-19104.2,34.931759,136.957545,0,1,0,0
愛知県,半田市,稲穂町九丁目,,1,7,-118005.3,-18782.2,34.936121,136.96106,0,1,0,0
愛知県,半田市,稲穂町十一丁目,,1,7,-117993.1,-18405,34.936238,136.965188,0,1,0,0
愛知県,半田市,稲穂町十三丁目,,80,7,-117765.6,-18769,34.938282,136.961197,0,1,0,0
愛知県,半田市,稲穂町十四丁目,,1,7,-117659,-18967.5,34.939239,136.959023,0,1,0,0
愛知県,半田市,稲穂町十二丁目,,43,7,-117819.6,-18693.5,34.937797,136.962027,0,1,0,0
愛知県,半田市,稲穂町二丁目,,84,7,-118578.1,-18945.5,34.930954,136.959283,0,1,0,0
愛知県,半田市,稲穂町八丁目,,23,7,-118108.6,-18824,34.935189,136.960603,0,1,0,0
愛知県,半田市,稲穂町六丁目,,7,7,-118475.1,-18534,34.931891,136.963786,0,1,0,0
愛知県,半田市,鵜ノ池町,,33,7,-121559.8,-25819,34.903924,136.884139,0,1,0,0
愛知県,半田市,栄町一丁目,,1,7,-123291.8,-22222.2,34.888396,136.923541,0,1,0,0
愛知県,半田市,栄町三丁目,,11,7,-123588.8,-22388.5,34.885714,136.92173,0,1,0,0
愛知県,半田市,栄町四丁目,,15,7,-123864.5,-22504,34.883226,136.920474,0,1,0,0
愛知県,半田市,栄町二丁目,,3,7,-123453.6,-22306,34.886935,136.922629,0,1,0,0
愛知県,半田市,榎下町,,10,7,-121932.6,-21756.2,34.900658,136.928604,0,1,0,0
愛知県,半田市,奥町一丁目,,42,7,-120884.6,-26349.7,34.909996,136.878309,0,1,0,0
愛知県,半田市,奥町三丁目,,41,7,-120537.5,-26037.2,34.913133,136.88172,0,1,0,0
愛知県,半田市,奥町四丁目,,9,7,-120425.1,-26469.2,34.914135,136.876988,0,1,0,0
愛知県,半田市,横山町,,5,7,-121847,-25518.2,34.901342,136.887438,0,1,0,0
愛知県,半田市,横松上町,,2,7,-120401.3,-21071,34.914476,136.936065,0,1,0,0
愛知県,半田市,横川町一丁目,,1,7,-118692.6,-20411.2,34.929893,136.943244,0,1,0,0
愛知県,半田市,横川町三丁目,,210,7,-119860.3,-20293.4,34.919369,136.944561,0,1,0,0
愛知県,半田市,横川町二丁目,,50,7,-119128.1,-20381.7,34.925969,136.943576,0,1,0,0
愛知県,半田市,乙川一色町,,1,7,-121173.3,-20965.5,34.907519,136.937238,0,1,0,0
愛知県,半田市,乙川栄町,,61,7,-121136.8,-20583.2,34.907856,136.94142,0,1,0,0
愛知県,半田市,乙川吉野町,,1,7,-121201.3,-21078.7,34.907265,136.936001,0,1,0,0
愛知県,半田市,乙川源内林町一丁目,,2,7,-120642.8,-20894.7,34.912303,136.938001,0,1,0,0
愛知県,半田市,乙川源内林町三丁目,,12,7,-120341,-21003,34.915022,136.936808,0,1,0,0
愛知県,半田市,乙川源内林町二丁目,,1,7,-120493.6,-20893,34.913648,136.938014,0,1,0,0
愛知県,半田市,乙川向田町一丁目,,35,7,-121361.1,-20024.2,34.905844,136.947541,0,1,0,0
愛知県,半田市,乙川向田町二丁目,,9,7,-121314.8,-19768.7,34.906267,136.950337,0,1,0,0
愛知県,半田市,乙川高良町,,65,7,-121306.8,-20619,34.906323,136.941033,0,1,0,0
愛知県,半田市,乙川市場町一丁目,,1,7,-121044.1,-20386.2,34.908695,136.943572,0,1,0,0
愛知県,半田市,乙川市場町二丁目,,8,7,-121135.6,-20361.2,34.907871,136.943849,0,1,0,0
愛知県,半田市,乙川若宮町,,67,7,-120779.8,-20353.2,34.911079,136.943928,0,1,0,0
愛知県,半田市,乙川新町一丁目,,4,7,-121334.6,-20849,34.906069,136.938517,0,1,0,0
愛知県,半田市,乙川新町三丁目,,1,7,-121080.6,-20628,34.908363,136.94093,0,1,0,0
愛知県,半田市,乙川新町二丁目,,57,7,-121307.1,-20707.7,34.906319,136.940062,0,1,0,0
愛知県,半田市,乙川深田町一丁目,,14,7,-120978.8,-20792.9,34.909277,136.939122,0,1,0,0
愛知県,半田市,乙川深田町二丁目,,21,7,-120792.6,-20926.5,34.910952,136.937656,0,1,0,0
愛知県,半田市,乙川西ノ宮町一丁目,,46,7,-120863.1,-20477,34.910325,136.942577,0,1,0,0
愛知県,半田市,乙川西ノ宮町三丁目,,35,7,-120748.1,-20678,34.911358,136.940373,0,1,0,0
愛知県,半田市,乙川西ノ宮町二丁目,,46,7,-120847.5,-20524,34.910466,136.94206,0,1,0,0
愛知県,半田市,乙川太田町一丁目,,61,7,-120861.3,-20125.5,34.91035,136.946422,0,1,0,0
愛知県,半田市,乙川太田町二丁目,,33,7,-121077.1,-20147.7,34.908403,136.946185,0,1,0,0
愛知県,半田市,乙川町,,53,7,-121648.6,-20836.9,34.903238,136.938658,0,1,0,0
愛知県,半田市,乙川殿町,,99,7,-121274,-20461.7,34.906623,136.942753,0,1,0,0
愛知県,半田市,乙川内山町,,23,7,-121458.6,-20680.7,34.904953,136.940361,0,1,0,0
愛知県,半田市,乙川畑田町一丁目,,51,7,-120563.3,-20566.5,34.913026,136.941589,0,1,0,0
愛知県,半田市,乙川畑田町三丁目,,42,7,-120386.5,-20574.2,34.91462,136.9415,0,1,0,0
愛知県,半田市,乙川畑田町二丁目,,1,7,-120443.6,-20559,34.914107,136.941668,0,1,0,0
愛知県,半田市,乙川八幡町一丁目,,1,7,-121330.1,-20419.7,34.906117,136.943215,0,1,0,0
愛知県,半田市,乙川八幡町三丁目,,1,7,-121513.8,-20406,34.904462,136.943369,0,1,0,0
愛知県,半田市,乙川八幡町二丁目,,52,7,-121494.3,-20541.2,34.904634,136.94189,0,1,0,0
愛知県,半田市,乙川稗田町,,51,7,-121357.8,-20219.4,34.905872,136.945407,0,1,0,0
愛知県,半田市,乙川浜側町一丁目,,1,7,-121521.3,-20281.9,34.904395,136.944727,0,1,0,0
愛知県,半田市,乙川浜側町二丁目,,74,7,-121448.3,-19865.5,34.905062,136.949282,0,1,0,0
愛知県,半田市,乙川北側町一丁目,,2,7,-120949.8,-20282,34.909548,136.944714,0,1,0,0
愛知県,半田市,乙川北側町二丁目,,58,7,-121007,-20371,34.90903,136.943738,0,1,0,0
愛知県,半田市,乙川末広町,,1,7,-122996.8,-19730.2,34.891105,136.950799,0,1,0,0
愛知県,半田市,乙川薬師町一丁目,,30,7,-120985.8,-20517.5,34.909219,136.942136,0,1,0,0
愛知県,半田市,乙川薬師町二丁目,,1,7,-120939.1,-20592.7,34.909638,136.941313,0,1,0,0
愛知県,半田市,花園町一丁目,,3,7,-125056.8,-23229.2,34.872461,136.912575,1,1,0,0
愛知県,半田市,花園町五丁目,,1,7,-125134.1,-23877.7,34.871749,136.905484,1,1,0,0
愛知県,半田市,花園町三丁目,,2,7,-124996.6,-23543.5,34.872996,136.909134,1,1,0,0
愛知県,半田市,花園町四丁目,,1,7,-124796.6,-23884,34.874791,136.905404,1,1,0,0
愛知県,半田市,花園町二丁目,,2,7,-125326.1,-23273.2,34.870033,136.9121,1,1,0,0
愛知県,半田市,花園町六丁目,,11,7,-125039.8,-24208.5,34.872591,136.901862,1,1,0,0
愛知県,半田市,花田町一丁目,,61,7,-120702.6,-19327.2,34.911796,136.955154,0,1,0,0
愛知県,半田市,花田町三丁目,,1,7,-120646.8,-19705.4,34.912292,136.951016,0,1,0,0
愛知県,半田市,花田町二丁目,,90,7,-120721.6,-19573.5,34.911619,136.95246,0,1,0,0
愛知県,半田市,滑楚町,,31,7,-121604.3,-24692.5,34.90355,136.896467,0,1,0,0
愛知県,半田市,勘内町,,5,7,-122175.6,-21485.2,34.898473,136.931577,0,1,0,0
愛知県,半田市,岩滑高山町一丁目,,116,7,-120633,-22607.4,34.912356,136.919256,0,1,0,0
愛知県,半田市,岩滑高山町五丁目,,106,7,-121234,-22920.9,34.906931,136.915841,0,1,0,0
愛知県,半田市,岩滑高山町三丁目,,108,7,-121258.3,-22629,34.906717,136.919036,0,1,0,0
愛知県,半田市,岩滑高山町四丁目,,1,7,-121284.1,-22815,34.90648,136.917002,0,1,0,0
愛知県,半田市,岩滑高山町七丁目,,1,7,-121091,-23213.2,34.908213,136.91264,0,1,0,0
愛知県,半田市,岩滑高山町二丁目,,69,7,-121081.5,-22705,34.90831,136.918201,0,1,0,0
愛知県,半田市,岩滑高山町八丁目,,107,7,-121271.3,-23181,34.906588,136.912995,0,1,0,0
愛知県,半田市,岩滑高山町六丁目,,7,7,-120985.3,-23060.2,34.909168,136.914311,0,1,0,0
愛知県,半田市,岩滑西町一丁目,,12,7,-120955.1,-23281.9,34.909435,136.911885,0,1,0,0
愛知県,半田市,岩滑西町九丁目,,36,7,-121558,-24327.2,34.903976,136.900462,0,1,0,0
愛知県,半田市,岩滑西町五丁目,,11,7,-120884.3,-23292,34.910074,136.91177,0,1,0,0
愛知県,半田市,岩滑西町三丁目,,15,7,-121101.1,-23674.9,34.90811,136.907588,0,1,0,0
愛知県,半田市,岩滑西町四丁目,,19,7,-120962.5,-23611.5,34.909362,136.908276,0,1,0,0
愛知県,半田市,岩滑西町七丁目,,22,7,-120646.3,-23886.5,34.912205,136.905258,0,1,0,0
愛知県,半田市,岩滑西町二丁目,,31,7,-121460.5,-23410.7,34.904877,136.910489,0,1,0,0
愛知県,半田市,岩滑西町八丁目,,57,7,-120980.8,-23882.2,34.909191,136.905315,0,1,0,0
愛知県,半田市,岩滑中町一丁目,,52,7,-120855.8,-22187,34.910356,136.923862,0,1,0,0
愛知県,半田市,岩滑中町五丁目,,5,7,-121062.3,-22428.2,34.908489,136.921229,0,1,0,0
愛知県,半田市,岩滑中町三丁目,,219,7,-121252.3,-22233.7,34.906781,136.923362,0,1,0,0
愛知県,半田市,岩滑中町四丁目,,179,7,-121441.1,-22349.9,34.905076,136.922097,0,1,0,0
愛知県,半田市,岩滑中町七丁目,,36,7,-120783.1,-22520.7,34.911005,136.920208,0,1,0,0
愛知県,半田市,岩滑中町二丁目,,19,7,-120934.1,-22285.7,34.909647,136.922785,0,1,0,0
愛知県,半田市,岩滑中町六丁目,,1,7,-120856.6,-22484,34.910342,136.920612,0,1,0,0
愛知県,半田市,岩滑東町一丁目,,69,7,-120858.6,-21651.7,34.910342,136.92972,0,1,0,0
愛知県,半田市,岩滑東町五丁目,,91,7,-121290.3,-22002.5,34.906441,136.925893,0,1,0,0
愛知県,半田市,岩滑東町三丁目,,120,7,-120807.8,-21969,34.910792,136.926246,0,1,0,0
愛知県,半田市,岩滑東町四丁目,,64,7,-121043.8,-21881.5,34.908667,136.927211,0,1,0,0
愛知県,半田市,岩滑東町二丁目,,106,7,-120641.6,-22069.7,34.912289,136.925139,0,1,0,0
愛知県,半田市,岩滑南浜町,,70,7,-120938.3,-21242,34.909632,136.934205,0,1,0,0
愛知県,半田市,岩滑北浜町,,64,7,-120786.1,-21451.7,34.911,136.931906,0,1,0,0
愛知県,半田市,雁宿町一丁目,,7,7,-122419.6,-22181.5,34.896259,136.923966,0,1,0,0
愛知県,半田市,雁宿町三丁目,,200,7,-122333.8,-23027.5,34.897013,136.914705,1,1,0,0
愛知県,半田市,雁宿町二丁目,,50,7,-122535.8,-22621.2,34.895201,136.919157,0,1,0,0
愛知県,半田市,亀崎月見町一丁目,,100,7,-119797.8,-18606.5,34.919964,136.96302,0,1,0,0
愛知県,半田市,亀崎月見町三丁目,,1,7,-119916,-18375.5,34.918903,136.965553,0,1,0,0
愛知県,半田市,亀崎月見町四丁目,,1,7,-120055.8,-18279.7,34.917645,136.966603,0,1,0,0
愛知県,半田市,亀崎月見町二丁目,,45,7,-119792.8,-18349.5,34.920015,136.965834,0,1,0,0
愛知県,半田市,亀崎高根町一丁目,,30,7,-119358,-19045.5,34.923923,136.958209,0,1,0,0
愛知県,半田市,亀崎高根町五丁目,,1,7,-119653.6,-19121.5,34.921256,136.957381,0,1,0,0
愛知県,半田市,亀崎高根町三丁目,,145,7,-119585.6,-19035.9,34.921871,136.958318,0,1,0,0
愛知県,半田市,亀崎高根町四丁目,,15,7,-119681.1,-19320.4,34.921004,136.955207,0,1,0,0
愛知県,半田市,亀崎高根町七丁目,,43,7,-119935.8,-19333,34.918709,136.955074,0,1,0,0
愛知県,半田市,亀崎高根町二丁目,,108,7,-119731.6,-18792.4,34.920558,136.960985,0,1,0,0
愛知県,半田市,亀崎高根町八丁目,,64,7,-120158.3,-19085.2,34.916705,136.957792,0,1,0,0
愛知県,半田市,亀崎高根町六丁目,,96,7,-119999.6,-19050.5,34.918137,136.958167,0,1,0,0
愛知県,半田市,亀崎常盤町一丁目,,39,7,-119790,-18705,34.920034,136.961944,0,1,0,0
愛知県,半田市,亀崎常盤町三丁目,,94,7,-120128.5,-18801.5,34.916981,136.960894,0,1,0,0
愛知県,半田市,亀崎常盤町四丁目,,120,7,-120329.6,-18815.7,34.915168,136.960744,0,1,0,0
愛知県,半田市,亀崎常盤町二丁目,,1,7,-119882.3,-18738.4,34.919201,136.961581,0,1,0,0
愛知県,半田市,亀崎新田町五丁目,,72,7,-119416.6,-18227.2,34.923408,136.967164,0,1,0,0
愛知県,半田市,亀崎新田町四丁目,,6,7,-119240.5,-18538.2,34.924992,136.963756,0,1,0,0
愛知県,半田市,亀崎相生町一丁目,,1,7,-119832,-18583.4,34.919657,136.963276,0,1,0,0
愛知県,半田市,亀崎相生町三丁目,,29,7,-120241.3,-18582.2,34.915967,136.963299,0,1,0,0
愛知県,半田市,亀崎相生町二丁目,,17,7,-120125,-18448.7,34.91702,136.964755,0,1,0,0
愛知県,半田市,亀崎大洞町五丁目,,1,7,-118834.6,-18990.2,34.92864,136.958799,0,1,0,0
愛知県,半田市,亀崎大洞町三丁目,,70,7,-118792.3,-18920.2,34.929023,136.959566,0,1,0,0
愛知県,半田市,亀崎大洞町四丁目,,35,7,-119032.1,-18836.2,34.926862,136.96049,0,1,0,0
愛知県,半田市,亀崎大洞町七丁目,,45,7,-119202.1,-18736.5,34.925333,136.961586,0,1,0,0
愛知県,半田市,亀崎大洞町二丁目,,1,7,-119018.1,-18572.2,34.926994,136.96338,0,1,0,0
愛知県,半田市,亀崎町一丁目,,56,7,-119879.3,-17832,34.919244,136.971501,0,1,0,0
愛知県,半田市,亀崎町九丁目,,1,7,-120591.8,-18721.2,34.912807,136.961783,0,1,0,0
愛知県,半田市,亀崎町五丁目,,32,7,-120314.6,-18465.5,34.915309,136.964575,0,1,0,0
愛知県,半田市,亀崎町三丁目,,86,7,-120178.6,-18213.4,34.916541,136.967333,0,1,0,0
愛知県,半田市,亀崎町四丁目,,57,7,-120207.6,-18368.2,34.916276,136.96564,0,1,0,0
愛知県,半田市,亀崎町七丁目,,1,7,-120354.1,-18710,34.914949,136.961902,0,1,0,0
愛知県,半田市,亀崎町十丁目,,10,7,-120738.3,-18834.2,34.911482,136.960551,0,1,0,0
愛知県,半田市,亀崎町二丁目,,1,7,-119929.8,-18097.2,34.918784,136.9686,0,1,0,0
愛知県,半田市,亀崎町八丁目,,1,7,-120390,-18835.4,34.914622,136.960531,0,1,0,0
愛知県,半田市,亀崎町六丁目,,1,7,-120433.3,-18598.9,34.914237,136.963121,0,1,0,0
愛知県,半田市,亀崎北浦町一丁目,,18,7,-119363.6,-18593.7,34.923879,136.963153,0,1,0,0
愛知県,半田市,亀崎北浦町三丁目,,98,7,-119906.6,-18111.9,34.918993,136.968438,0,1,0,0
愛知県,半田市,亀崎北浦町二丁目,,30,7,-119717.3,-18185.5,34.920698,136.967628,0,1,0,0
愛知県,半田市,吉田町一丁目,,76,7,-123270.6,-24575.7,34.888531,136.897794,0,1,0,0
愛知県,半田市,吉田町五丁目,,37,7,-123073.8,-24845,34.8903,136.894842,0,1,0,0
愛知県,半田市,吉田町三丁目,,41,7,-123134.8,-24552.4,34.889757,136.898044,0,1,0,0
愛知県,半田市,吉田町四丁目,,102,7,-123159.8,-24758,34.889527,136.895795,0,1,0,0
愛知県,半田市,吉田町七丁目,,66,7,-122559,-25002,34.894936,136.893109,0,1,0,0
愛知県,半田市,吉田町二丁目,,11,7,-123231.8,-24723,34.888879,136.896182,0,1,0,0
愛知県,半田市,吉田町八丁目,,62,7,-122524.5,-24610.7,34.895257,136.897388,0,1,0,0
愛知県,半田市,吉田町六丁目,,59,7,-122815.1,-24901.2,34.892629,136.894218,0,1,0,0
愛知県,半田市,宮本町一丁目,,1,7,-123458.5,-23135.2,34.886873,136.913558,0,1,0,0
愛知県,半田市,宮本町五丁目,,331,7,-123562.6,-23821.4,34.885916,136.906055,1,1,0,0
愛知県,半田市,宮本町三丁目,,215,7,-123842.8,-23350,34.883401,136.911218,1,1,0,0
愛知県,半田市,宮本町四丁目,,102,7,-123420.5,-23400.4,34.887208,136.910655,1,1,0,0
愛知県,半田市,宮本町二丁目,,43,7,-123713.8,-23126.4,34.884571,136.913663,0,1,0,0
愛知県,半田市,宮本町六丁目,,201,7,-123691.6,-23797.2,34.884754,136.906322,1,1,0,0
愛知県,半田市,宮路町,,151,7,-121796.6,-22087.5,34.901876,136.924975,0,1,0,0
愛知県,半田市,協和町一丁目,,36,7,-123044.3,-21663,34.890639,136.929653,0,1,0,0
愛知県,半田市,協和町二丁目,,85,7,-123176.5,-21742.2,34.889445,136.92879,0,1,0,0
愛知県,半田市,郷中町一丁目,,62,7,-123310.3,-21807,34.888238,136.928085,0,1,0,0
愛知県,半田市,郷中町三丁目,,1,7,-123403.1,-21795.2,34.887402,136.928216,0,1,0,0
愛知県,半田市,郷中町二丁目,,22,7,-123387.8,-21844.9,34.887537,136.927673,0,1,0,0
愛知県,半田市,桐ケ丘一丁目,,105,7,-123348.8,-23034.5,34.887863,136.914658,1,1,0,0
愛知県,半田市,桐ケ丘五丁目,,109,7,-123327.1,-23277.7,34.888053,136.911995,1,1,0,0
愛知県,半田市,桐ケ丘三丁目,,15,7,-123024.5,-22917.5,34.89079,136.915928,1,1,0,0
愛知県,半田市,桐ケ丘四丁目,,215,7,-123144.6,-23171.7,34.889699,136.91315,1,1,0,0
愛知県,半田市,桐ケ丘二丁目,,202,7,-123092.3,-22756.4,34.890182,136.917693,0,1,0,0
愛知県,半田市,金山町一丁目,,75,7,-122090.6,-26241.7,34.899127,136.879528,0,1,0,0
愛知県,半田市,銀座本町一丁目,,15,7,-122477.3,-21327.2,34.895757,136.933312,0,1,0,0
愛知県,半田市,銀座本町五丁目,,21,7,-122838.6,-21330.5,34.892499,136.933287,0,1,0,0
愛知県,半田市,銀座本町三丁目,,17,7,-122701.6,-21355.4,34.893734,136.93301,0,1,0,0
愛知県,半田市,銀座本町四丁目,,11,7,-122786.1,-21337.4,34.892972,136.93321,0,1,0,0
愛知県,半田市,銀座本町二丁目,,1,7,-122565.8,-21385.9,34.894956,136.932673,0,1,0,0
愛知県,半田市,君ケ橋町一丁目,,80,7,-123860.8,-25181.9,34.883195,136.891179,0,1,0,0
愛知県,半田市,君ケ橋町三丁目,,74,7,-124372.1,-25162,34.878588,136.891413,0,1,0,0
愛知県,半田市,君ケ橋町二丁目,,92,7,-124000,-25232.2,34.88194,136.890633,0,1,0,0
愛知県,半田市,源平町,,5,7,-122775.8,-21099.5,34.89307,136.935812,0,1,0,0
愛知県,半田市,古浜町,,1,7,-121794.8,-20246.7,34.901932,136.94512,0,1,0,0
愛知県,半田市,御幸町,,1,7,-122658.6,-21484.7,34.894119,136.931594,0,1,0,0
愛知県,半田市,向山町一丁目,,140,7,-120980.8,-19818.4,34.909278,136.949786,0,1,0,0
愛知県,半田市,向山町三丁目,,1,7,-120988.1,-19624.5,34.909216,136.951908,0,1,0,0
愛知県,半田市,向山町二丁目,,3,7,-121062.5,-19857.5,34.908541,136.949361,0,1,0,0
愛知県,半田市,幸町一丁目,,1,7,-123011.5,-21119.7,34.890946,136.935597,0,1,0,0
愛知県,半田市,幸町二丁目,,24,7,-123137.1,-20848.5,34.889819,136.938567,0,1,0,0
愛知県,半田市,広小路町,,1,7,-122713.6,-21969.4,34.893613,136.926294,0,1,0,0
愛知県,半田市,庚申町一丁目,,18,7,-120143.1,-20030,34.916825,136.947451,0,1,0,0
愛知県,半田市,庚申町二丁目,,55,7,-120204.6,-20095,34.916269,136.946741,0,1,0,0
愛知県,半田市,更生町一丁目,,9,7,-122957.5,-21998,34.891413,136.925985,0,1,0,0
愛知県,半田市,更生町二丁目,,4,7,-123037.3,-21848,34.890697,136.927629,0,1,0,0
愛知県,半田市,港町一丁目,,62,7,-123423.1,-21359.7,34.88723,136.932981,0,1,0,0
愛知県,半田市,港町三丁目,,6,7,-123625,-21469.7,34.885407,136.931783,0,1,0,0
愛知県,半田市,港町四丁目,,1,7,-124265.1,-21110.9,34.879643,136.935724,0,1,0,0
愛知県,半田市,港町二丁目,,87,7,-123501.6,-21439,34.886519,136.932116,0,1,0,0
愛知県,半田市,港本町一丁目,,9,7,-123211.5,-21464.5,34.889136,136.93183,0,1,0,0
愛知県,半田市,港本町三丁目,,1,7,-123363,-21622.2,34.887766,136.93011,0,1,0,0
愛知県,半田市,港本町四丁目,,1,7,-123470.5,-21668.7,34.886795,136.929602,0,1,0,0
愛知県,半田市,港本町二丁目,,1,7,-123285.1,-21537.7,34.888471,136.93103,0,1,0,0
愛知県,半田市,荒古町一丁目,,1,7,-122890.3,-21251.2,34.892035,136.934155,0,1,0,0
愛知県,半田市,荒古町二丁目,,10,7,-123006.3,-21266.2,34.89099,136.933995,0,1,0,0
愛知県,半田市,高砂町,,143,7,-121998.8,-19609.5,34.900105,136.952097,0,1,0,0
愛知県,半田市,高峯町,,20,7,-122794.1,-25500,34.892805,136.887666,0,1,0,0
愛知県,半田市,黒石町,,149,7,-122770.8,-25069.2,34.893025,136.89238,0,1,0,0
愛知県,半田市,砂谷町,,66,7,-121821.5,-24891,34.901587,136.894301,0,1,0,0
愛知県,半田市,山ノ神町,,34,7,-122934.3,-21501.7,34.891632,136.931417,0,1,0,0
愛知県,半田市,山崎町,,1,7,-122541.3,-21441,34.895176,136.93207,0,1,0,0
愛知県,半田市,山代町一丁目,,104,7,-122799.6,-23791.9,34.892797,136.906355,1,1,0,0
愛知県,半田市,山代町四丁目,,88,7,-123021.3,-24044.7,34.890791,136.903595,0,1,0,0
愛知県,半田市,山代町二丁目,,105,7,-122696.3,-23711.2,34.893729,136.907236,1,1,0,0
愛知県,半田市,四方木町,,22,7,-123625,-25379.5,34.885317,136.88901,0,1,0,0
愛知県,半田市,枝山町,,40,7,-121948.5,-24008.7,34.900464,136.903958,0,1,0,0
愛知県,半田市,寺町,,29,7,-124005.6,-21963.7,34.881965,136.926388,0,1,0,0
愛知県,半田市,七本木町一丁目,,71,7,-119875.8,-19894,34.919238,136.948932,0,1,0,0
愛知県,半田市,州の崎町,,2,7,-118944.1,-18091.5,34.927669,136.968639,0,1,0,0
愛知県,半田市,住吉町一丁目,,19,7,-121092.6,-21646.7,34.908231,136.929782,0,1,0,0
愛知県,半田市,住吉町五丁目,,120,7,-121748.8,-21284.9,34.902326,136.933759,0,1,0,0
愛知県,半田市,住吉町三丁目,,88,7,-121422.8,-21794.7,34.905253,136.928171,0,1,0,0
愛知県,半田市,住吉町四丁目,,43,7,-121614.6,-21742.9,34.903525,136.928743,0,1,0,0
愛知県,半田市,住吉町七丁目,,35,7,-122162.1,-21540.7,34.898592,136.930969,0,1,0,0
愛知県,半田市,住吉町二丁目,,179,7,-121321.1,-21749.5,34.906171,136.928663,0,1,0,0
愛知県,半田市,住吉町八丁目,,32,7,-122350,-21581.7,34.8969,136.930525,0,1,0,0
愛知県,半田市,住吉町六丁目,,22,7,-122068.5,-21597,34.899436,136.93035,0,1,0,0
愛知県,半田市,十一号地,,4,7,-124285,-19982.5,34.879489,136.94807,0,1,0,0
愛知県,半田市,十三塚町,,58,7,-122111.6,-26786.4,34.898924,136.87357,0,1,0,0
愛知県,半田市,出口町一丁目,,8,7,-121684.6,-22396.7,34.902881,136.92159,0,1,0,0
愛知県,半田市,出口町二丁目,,202,7,-121528.6,-22578.5,34.904282,136.919597,0,1,0,0
愛知県,半田市,春日町一丁目,,25,7,-123880.3,-22671.2,34.88308,136.918645,0,1,0,0
愛知県,半田市,春日町三丁目,,19,7,-123580.1,-22914,34.885781,136.915983,0,1,0,0
愛知県,半田市,春日町二丁目,,26,7,-123777.1,-22750.2,34.884008,136.917778,0,1,0,0
愛知県,半田市,小神町,,7,7,-120635.1,-19908.7,34.912393,136.94879,0,1,0,0
愛知県,半田市,昭和町一丁目,,1,7,-122563.3,-22033.7,34.894967,136.925585,0,1,0,0
愛知県,半田市,昭和町三丁目,,13,7,-123564.8,-22463.4,34.885928,136.920911,0,1,0,0
愛知県,半田市,昭和町四丁目,,32,7,-123729,-22601.7,34.884445,136.919402,0,1,0,0
愛知県,半田市,昭和町二丁目,,25,7,-123252.6,-22288.5,34.888748,136.922817,0,1,0,0
愛知県,半田市,松堀町,,214,7,-122302.6,-24883.2,34.897252,136.894399,0,1,0,0
愛知県,半田市,上池町一丁目,,47,7,-118906.5,-19946.5,34.927976,136.948334,0,1,0,0
愛知県,半田市,上池町五丁目,,46,7,-119171.6,-20166,34.925581,136.945939,0,1,0,0
愛知県,半田市,上池町三丁目,,6,7,-118981.1,-20169.7,34.927298,136.945894,0,1,0,0
愛知県,半田市,上池町四丁目,,41,7,-119062.8,-19977.5,34.926564,136.947999,0,1,0,0
愛知県,半田市,上池町二丁目,,13,7,-118735.3,-20333.7,34.92951,136.944092,0,1,0,0
愛知県,半田市,上定光町一丁目,,20,7,-117926.1,-20489.4,34.936802,136.942369,0,1,0,0
愛知県,半田市,上定光町二丁目,,4,7,-118044.8,-20335.2,34.935735,136.944059,0,1,0,0
愛知県,半田市,上浜町,,10,7,-122443,-20950,34.896073,136.937441,0,1,0,0
愛知県,半田市,新栄町,,1,7,-122879.3,-21109.2,34.892138,136.935708,0,1,0,0
愛知県,半田市,新宮町五丁目,,101,7,-124170.3,-24754.7,34.880417,136.895861,0,1,0,0
愛知県,半田市,新宮町三丁目,,78,7,-123951.6,-24035.9,34.882407,136.903719,0,1,0,0
愛知県,半田市,新宮町四丁目,,103,7,-124240.8,-24300.2,34.879792,136.900835,0,1,0,0
愛知県,半田市,新宮町二丁目,,1,7,-124204.6,-23999.7,34.880127,136.904122,0,1,0,0
愛知県,半田市,新居町一丁目,,1,7,-120666.6,-19076,34.912123,136.957905,0,1,0,0
愛知県,半田市,新居町五丁目,,5,7,-121023.3,-18964.4,34.908912,136.959134,0,1,0,0
愛知県,半田市,新居町三丁目,,7,7,-121067.5,-19334.2,34.908507,136.955086,0,1,0,0
愛知県,半田市,新居町四丁目,,1,7,-120884.6,-19127.7,34.910158,136.957342,0,1,0,0
愛知県,半田市,新居町七丁目,,100,7,-121348.6,-19040.7,34.905977,136.958305,0,1,0,0
愛知県,半田市,新居町二丁目,,61,7,-120854.5,-19179.4,34.910429,136.956776,0,1,0,0
愛知県,半田市,新居町六丁目,,89,7,-121325.8,-19264.9,34.906179,136.955851,0,1,0,0
愛知県,半田市,新生町一丁目,,1,7,-120838.1,-25032.9,34.910449,136.892719,0,1,0,0
愛知県,半田市,新生町五丁目,,36,7,-121162.6,-25333,34.907516,136.889443,0,1,0,0
愛知県,半田市,新生町三丁目,,19,7,-120968.6,-25172.7,34.909269,136.891192,0,1,0,0
愛知県,半田市,新生町四丁目,,11,7,-120832,-25332.7,34.910497,136.889438,0,1,0,0
愛知県,半田市,新生町七丁目,,30,7,-121280.6,-25042.7,34.90646,136.892625,0,1,0,0
愛知県,半田市,新生町二丁目,,57,7,-121106.8,-25152.9,34.908023,136.891413,0,1,0,0
愛知県,半田市,新生町六丁目,,70,7,-121267.3,-25230.4,34.906576,136.89057,0,1,0,0
愛知県,半田市,新川町,,45,7,-122803.1,-21544.9,34.892816,136.93094,0,1,0,0
愛知県,半田市,新池町一丁目,,205,7,-119806.8,-20845.7,34.91984,136.938515,0,1,0,0
愛知県,半田市,新池町二丁目,,202,7,-119716.5,-20885.2,34.920653,136.938081,0,1,0,0
愛知県,半田市,新野町一丁目,,61,7,-124403.8,-25900.9,34.878284,136.88333,0,1,0,0
愛知県,半田市,新野町二丁目,,33,7,-124347.1,-26532,34.878777,136.876425,0,1,0,0
愛知県,半田市,深谷町,,69,7,-122079.1,-24363.9,34.899278,136.900077,0,1,0,0
愛知県,半田市,神代町一丁目,,18,7,-122594,-25991.7,34.894596,136.882282,0,1,0,0
愛知県,半田市,神代町二丁目,,70,7,-122481.1,-25802.2,34.895619,136.884351,0,1,0,0
愛知県,半田市,神田町一丁目,,64,7,-123872.6,-24215,34.883113,136.901758,0,1,0,0
愛知県,半田市,神田町三丁目,,69,7,-123871.3,-24852.9,34.883111,136.894779,0,1,0,0
愛知県,半田市,神田町二丁目,,7,7,-123693.3,-24554,34.884721,136.898042,0,1,0,0
愛知県,半田市,神明町一丁目,,1,7,-123944.6,-21534.9,34.882525,136.93108,0,1,0,0
愛知県,半田市,神明町二丁目,,1,7,-124074.3,-21294.5,34.88136,136.933712,0,1,0,0
愛知県,半田市,瑞穂町一丁目,,1,7,-122637.5,-20464.2,34.894331,136.942759,0,1,0,0
愛知県,半田市,瑞穂町九丁目,,12,7,-123172.3,-20773,34.889502,136.939393,0,1,0,0
愛知県,半田市,瑞穂町五丁目,,2,7,-123385.1,-20477.2,34.887591,136.942635,0,1,0,0
愛知県,半田市,瑞穂町三丁目,,3,7,-123207.6,-20270.2,34.889195,136.944896,0,1,0,0
愛知県,半田市,瑞穂町四丁目,,8,7,-123598.6,-20262.2,34.885669,136.944993,0,1,0,0
愛知県,半田市,瑞穂町七丁目,,8,7,-123486,-20938,34.886671,136.937598,0,1,0,0
愛知県,半田市,瑞穂町十丁目,,14,7,-123010.3,-20441.7,34.89097,136.943014,0,1,0,0
愛知県,半田市,瑞穂町二丁目,,2,7,-123159.1,-20022.7,34.889637,136.947604,0,1,0,0
愛知県,半田市,瑞穂町八丁目,,3,7,-123317.8,-20872.2,34.888188,136.938313,0,1,0,0
愛知県,半田市,瑞穂町六丁目,,7,7,-123618.3,-20575.4,34.885486,136.941567,0,1,0,0
愛知県,半田市,成岩東町,,37,7,-124208.3,-22056,34.880136,136.925385,0,1,0,0
愛知県,半田市,成岩本町一丁目,,5,7,-123584.6,-21942.7,34.885762,136.926607,0,1,0,0
愛知県,半田市,成岩本町三丁目,,39,7,-123931.3,-22052.2,34.882632,136.925418,0,1,0,0
愛知県,半田市,成岩本町四丁目,,14,7,-124010.1,-22225.5,34.88192,136.923526,0,1,0,0
愛知県,半田市,成岩本町二丁目,,1,7,-123639.1,-22003,34.885269,136.925949,0,1,0,0
愛知県,半田市,星崎町一丁目,,18,7,-122338.3,-22335.5,34.896988,136.922278,0,1,0,0
愛知県,半田市,星崎町三丁目,,46,7,-122011.1,-22297,34.89994,136.92269,0,1,0,0
愛知県,半田市,星崎町二丁目,,208,7,-122013,-22590,34.899915,136.919485,1,1,0,0
愛知県,半田市,清城町一丁目,,1,7,-122109.1,-23053,34.899039,136.914421,0,1,0,0
愛知県,半田市,清城町三丁目,,2,7,-122307.1,-23330.2,34.897247,136.911394,1,1,0,0
愛知県,半田市,清城町二丁目,,13,7,-122221.5,-23517.5,34.898015,136.909342,1,1,0,0
愛知県,半田市,清水西町,,1,7,-122018.6,-22060.7,34.899875,136.925274,0,1,0,0
愛知県,半田市,清水東町,,1,7,-122004.3,-21833.2,34.90001,136.927763,0,1,0,0
愛知県,半田市,清水北町,,1,7,-121946.8,-22072,34.900523,136.925151,0,1,0,0
愛知県,半田市,西億田町,,1,7,-122710.1,-19703.5,34.89369,136.951085,0,1,0,0
愛知県,半田市,西新町,,22,7,-122054.8,-21650.4,34.899559,136.929766,0,1,0,0
愛知県,半田市,西生見町,,1,7,-118958.5,-19492.9,34.927515,136.953302,0,1,0,0
愛知県,半田市,西大矢知町一丁目,,19,7,-118788.6,-20975.7,34.929017,136.937065,0,1,0,0
愛知県,半田市,西大矢知町三丁目,,76,7,-119318.3,-20953.5,34.924242,136.937321,0,1,0,0
愛知県,半田市,西大矢知町四丁目,,49,7,-119506.3,-21194.7,34.922542,136.934687,0,1,0,0
愛知県,半田市,西大矢知町二丁目,,40,7,-118888,-20850.7,34.928123,136.938436,0,1,0,0
愛知県,半田市,西端町,,15,7,-122983,-21533.9,34.891195,136.931064,0,1,0,0
愛知県,半田市,青山一丁目,,5,7,-124635.3,-23032.7,34.876266,136.914711,1,1,0,0
愛知県,半田市,青山五丁目,,2,7,-124391.8,-23863.7,34.878442,136.905615,1,1,0,0
愛知県,半田市,青山三丁目,,8,7,-124653.5,-23473,34.876092,136.909897,1,1,0,0
愛知県,半田市,青山四丁目,,2,7,-124030.5,-23821.5,34.8817,136.906067,1,1,0,0
愛知県,半田市,青山七丁目,,8,7,-124695.5,-24199.5,34.875697,136.90195,1,1,0,0
愛知県,半田市,青山二丁目,,4,7,-124299.5,-23279.4,34.879286,136.912004,1,1,0,0
愛知県,半田市,青山六丁目,,2,7,-124642.8,-23868.7,34.876179,136.905567,1,1,0,0
愛知県,半田市,石塚町一丁目,,81,7,-117843.3,-19952.7,34.937559,136.94824,0,1,0,0
愛知県,半田市,石塚町五丁目,,85,7,-117846.8,-20009.2,34.937525,136.947623,0,1,0,0
愛知県,半田市,石塚町三丁目,,2,7,-117647.3,-20526.2,34.939314,136.941959,0,1,0,0
愛知県,半田市,石塚町四丁目,,191,7,-117820.3,-20330.5,34.937759,136.944106,0,1,0,0
愛知県,半田市,石塚町二丁目,,10,7,-117486.6,-20171.9,34.94077,136.945834,0,1,0,0
愛知県,半田市,川崎町一丁目,,408,7,-124990.3,-21972.7,34.873089,136.926316,0,1,0,0
愛知県,半田市,川崎町三丁目,,1,7,-125607.8,-21842,34.867525,136.927762,0,1,0,0
愛知県,半田市,川崎町四丁目,,1,7,-124737.1,-20556.5,34.8754,136.941801,0,1,0,0
愛知県,半田市,川崎町二丁目,,1,7,-125369.1,-21923.5,34.869675,136.926863,0,1,0,0
愛知県,半田市,川田町,,3,7,-122523.1,-20172.2,34.895367,136.945952,0,1,0,0
愛知県,半田市,泉町,,34,7,-122515.5,-21930.2,34.8954,136.926715,0,1,0,0
愛知県,半田市,船入町,,1,7,-123089.1,-21333.2,34.890241,136.933263,0,1,0,0
愛知県,半田市,前潟町,,1,7,-124239.8,-21666,34.87986,136.929651,0,1,0,0
愛知県,半田市,前崎西町,,1,7,-122223,-21973.7,34.898035,136.926231,0,1,0,0
愛知県,半田市,前崎東町,,1,7,-122148.1,-21842.9,34.898713,136.927662,0,1,0,0
愛知県,半田市,前田町,,69,7,-120507.8,-19324,34.913552,136.955186,0,1,0,0
愛知県,半田市,相賀町,,1,7,-121907.8,-19808.5,34.900922,136.949916,0,1,0,0
愛知県,半田市,大高町一丁目,,37,7,-119306.1,-20178.5,34.924368,136.945805,0,1,0,0
愛知県,半田市,大高町三丁目,,101,7,-119382.6,-20206.7,34.923676,136.945499,0,1,0,0
愛知県,半田市,大高町二丁目,,17,7,-119430.3,-19893,34.923253,136.948934,0,1,0,0
愛知県,半田市,大松町一丁目,,38,7,-120964.1,-19444.2,34.909435,136.953881,0,1,0,0
愛知県,半田市,大松町二丁目,,45,7,-120956,-19549.4,34.909506,136.95273,0,1,0,0
愛知県,半田市,大池町一丁目,,5,7,-119936.8,-19609.5,34.918694,136.952047,0,1,0,0
愛知県,半田市,大池町三丁目,,55,7,-120183.1,-19902.2,34.916468,136.948849,0,1,0,0
愛知県,半田市,大池町四丁目,,53,7,-120497,-19930.7,34.913637,136.948545,0,1,0,0
愛知県,半田市,大池町二丁目,,134,7,-120060.6,-19895.7,34.917572,136.948918,0,1,0,0
愛知県,半田市,大伝根町一丁目,,5,7,-119762,-20685.7,34.920248,136.940266,0,1,0,0
愛知県,半田市,大伝根町二丁目,,5,7,-119533.1,-20697.4,34.922311,136.940132,0,1,0,0
愛知県,半田市,大湯町一丁目,,58,7,-123236.3,-26001.7,34.888806,136.882191,0,1,0,0
愛知県,半田市,大湯町五丁目,,1,7,-123149.5,-26351.7,34.88958,136.878361,0,1,0,0
愛知県,半田市,大湯町三丁目,,72,7,-123847.6,-26622.2,34.883279,136.87542,0,1,0,0
愛知県,半田市,大湯町四丁目,,4,7,-123013.6,-25945.5,34.890813,136.882798,0,1,0,0
愛知県,半田市,大湯町二丁目,,48,7,-123375.6,-26325.7,34.887542,136.878649,0,1,0,0
愛知県,半田市,大和町一丁目,,10,7,-123156.8,-22150.9,34.889612,136.924318,0,1,0,0
愛知県,半田市,大和町二丁目,,16,7,-123234,-22058.7,34.888919,136.92533,0,1,0,0
愛知県,半田市,池田町一丁目,,195,7,-122482.1,-26015,34.895603,136.882023,0,1,0,0
愛知県,半田市,池田町三丁目,,1,7,-121645.6,-25932.2,34.903148,136.882902,0,1,0,0
愛知県,半田市,池田町二丁目,,162,7,-122437.5,-26111.5,34.896005,136.880964,0,1,0,0
愛知県,半田市,中億田町,,160,7,-122193.5,-19509.5,34.898353,136.953193,0,1,0,0
愛知県,半田市,中午町,,107,7,-121546.3,-19666.7,34.904184,136.951459,0,1,0,0
愛知県,半田市,中生見町,,4,7,-118875.1,-19431,34.928268,136.953976,0,1,0,0
愛知県,半田市,中村町一丁目,,36,7,-122672.3,-21276.2,34.894001,136.933876,0,1,0,0
愛知県,半田市,中村町二丁目,,4,7,-122767.1,-21234.9,34.893146,136.93433,0,1,0,0
愛知県,半田市,中町一丁目,,81,7,-122948.1,-21702.7,34.891505,136.929216,0,1,0,0
愛知県,半田市,中町三丁目,,1,7,-123156.8,-21935.7,34.889619,136.926672,0,1,0,0
愛知県,半田市,中町四丁目,,1,7,-123255.6,-22019.2,34.888725,136.925761,0,1,0,0
愛知県,半田市,中町二丁目,,86,7,-123100.1,-21768.4,34.890132,136.928503,0,1,0,0
愛知県,半田市,中島町,,1,7,-123714.5,-21668.9,34.884596,136.929607,0,1,0,0
愛知県,半田市,仲田町一丁目,,73,7,-123519.6,-22779.7,34.886329,136.91745,0,1,0,0
愛知県,半田市,仲田町二丁目,,19,7,-123546.3,-22678.2,34.886091,136.91856,0,1,0,0
愛知県,半田市,潮干町,,1,7,-120754.5,-18386,34.911346,136.965455,0,1,0,0
愛知県,半田市,長根町一丁目,,46,7,-119956.5,-20486,34.918498,136.942454,0,1,0,0
愛知県,半田市,長根町三丁目,,2,7,-120028.8,-21030.5,34.917836,136.936497,0,1,0,0
愛知県,半田市,長根町二丁目,,57,7,-120094,-20776.9,34.917253,136.939276,0,1,0,0
愛知県,半田市,椎ノ木町一丁目,,7,7,-123674.1,-26342.7,34.88485,136.878475,0,1,0,0
愛知県,半田市,椎ノ木町三丁目,,72,7,-124187.3,-26555.7,34.880217,136.876159,0,1,0,0
愛知県,半田市,椎ノ木町四丁目,,7,7,-123792.3,-25807.7,34.883797,136.884331,0,1,0,0
愛知県,半田市,椎ノ木町二丁目,,39,7,-123946.3,-26492,34.882392,136.876848,0,1,0,0
愛知県,半田市,天王町一丁目,,5,7,-122358.1,-21935.2,34.896819,136.926658,0,1,0,0
愛知県,半田市,天王町二丁目,,27,7,-122467.8,-21852.5,34.895831,136.927564,0,1,0,0
愛知県,半田市,天神町,,1,7,-123164.5,-22652.9,34.889533,136.918826,0,1,0,0
愛知県,半田市,田代町,,96,7,-122066.6,-25255,34.899369,136.890323,0,1,0,0
愛知県,半田市,土井山町一丁目,,209,7,-122342.8,-23697.9,34.896917,136.907371,1,1,0,0
愛知県,半田市,土井山町三丁目,,3,7,-122329.6,-24005.2,34.897029,136.904007,0,1,0,0
愛知県,半田市,土井山町二丁目,,64,7,-122154.6,-23997.2,34.898606,136.904089,0,1,0,0
愛知県,半田市,東雲町,,27,7,-122647.8,-21103.5,34.894224,136.935765,0,1,0,0
愛知県,半田市,東億田町,,109,7,-122380,-19292.5,34.896675,136.955574,0,1,0,0
愛知県,半田市,東郷町一丁目,,29,7,-124007.3,-22679.5,34.881936,136.918557,0,1,0,0
愛知県,半田市,東郷町三丁目,,23,7,-124095.8,-22830.5,34.881132,136.916909,0,1,0,0
愛知県,半田市,東郷町四丁目,,103,7,-124032.6,-23039,34.881698,136.914625,1,1,0,0
愛知県,半田市,東郷町二丁目,,71,7,-123897.8,-22956.4,34.882914,136.915526,0,1,0,0
愛知県,半田市,東新町,,1,7,-121962.1,-21478,34.900398,136.93165,0,1,0,0
愛知県,半田市,東生見町,,1,7,-119032.8,-19341.7,34.926848,136.954958,0,1,0,0
愛知県,半田市,東大矢知町一丁目,,44,7,-118405.3,-20570.5,34.932479,136.941493,0,1,0,0
愛知県,半田市,東大矢知町三丁目,,95,7,-118576.8,-20081.4,34.930945,136.946851,0,1,0,0
愛知県,半田市,東大矢知町二丁目,,115,7,-118665.6,-20312.5,34.930138,136.944322,0,1,0,0
愛知県,半田市,東天王町一丁目,,30,7,-122379.8,-21436,34.896633,136.93212,0,1,0,0
愛知県,半田市,東天王町二丁目,,17,7,-122469.3,-21441.5,34.895826,136.932062,0,1,0,0
愛知県,半田市,東浜町一丁目,,103,7,-123672.6,-20962,34.88499,136.937339,0,1,0,0
愛知県,半田市,東浜町二丁目,,66,7,-123529.1,-21058.9,34.886279,136.936275,0,1,0,0
愛知県,半田市,東本町一丁目,,26,7,-122347.1,-21239.7,34.896932,136.934268,0,1,0,0
愛知県,半田市,東本町二丁目,,17,7,-122521.8,-21277.4,34.895356,136.93386,0,1,0,0
愛知県,半田市,東洋町一丁目,,1,7,-122686.3,-20686,34.893886,136.940334,0,1,0,0
愛知県,半田市,東洋町三丁目,,1,7,-123040.1,-20901.9,34.890692,136.937982,0,1,0,0
愛知県,半田市,東洋町二丁目,,1,7,-122884.6,-20911,34.892093,136.937876,0,1,0,0
愛知県,半田市,桃山町,,29,7,-121261.3,-26561.4,34.906596,136.876004,0,1,0,0
愛知県,半田市,南大矢知町一丁目,,67,7,-118768.5,-20774.5,34.929203,136.939268,0,1,0,0
愛知県,半田市,南大矢知町三丁目,,101,7,-119240.6,-20709.2,34.924948,136.939995,0,1,0,0
愛知県,半田市,南大矢知町四丁目,,207,7,-119496.1,-20886.2,34.92264,136.938063,0,1,0,0
愛知県,半田市,南大矢知町二丁目,,44,7,-119133.3,-20646,34.925916,136.940685,0,1,0,0
愛知県,半田市,南二ツ坂町一丁目,,6,7,-123169,-23657.7,34.88947,136.907834,1,1,0,0
愛知県,半田市,南二ツ坂町二丁目,,1,7,-122911.8,-23512,34.891793,136.909421,1,1,0,0
愛知県,半田市,南本町一丁目,,5,7,-123005.6,-21399.5,34.890993,136.932535,0,1,0,0
愛知県,半田市,南本町二丁目,,2,7,-123115.8,-21417.4,34.89,136.932344,0,1,0,0
愛知県,半田市,南末広町,,27,7,-122715.5,-21771.7,34.8936,136.928457,0,1,0,0
愛知県,半田市,日ノ出町,,48,7,-123224,-20889,34.889035,136.938126,0,1,0,0
愛知県,半田市,日東町,,1,7,-122777.1,-18820.7,34.893104,136.960746,0,1,0,0
愛知県,半田市,祢宜町,,1,7,-121354.8,-19616.5,34.905909,136.952006,0,1,0,0
愛知県,半田市,馬捨町,,53,7,-121366,-25335.2,34.905683,136.889427,0,1,0,0
愛知県,半田市,白山町一丁目,,16,7,-122614,-22144.9,34.894506,136.924371,0,1,0,0
愛知県,半田市,白山町五丁目,,202,7,-122532.8,-23053.2,34.895218,136.91443,1,1,0,0
愛知県,半田市,白山町三丁目,,2,7,-122799.8,-22683,34.89282,136.918488,0,1,0,0
愛知県,半田市,白山町四丁目,,1,7,-122728.5,-22559,34.893467,136.919841,0,1,0,0
愛知県,半田市,白山町二丁目,,29,7,-122861.6,-22163.4,34.892274,136.924174,0,1,0,0
愛知県,半田市,畑合町,,26,7,-123484.5,-21966.2,34.886664,136.926348,0,1,0,0
愛知県,半田市,八軒町,,28,7,-122248.1,-20103.4,34.897848,136.946698,0,1,0,0
愛知県,半田市,板山町一丁目,,100,7,-123124.1,-25156.2,34.889839,136.891438,0,1,0,0
愛知県,半田市,板山町九丁目,,117,7,-123304.8,-25526.5,34.888201,136.887392,0,1,0,0
愛知県,半田市,板山町五丁目,,72,7,-123641.1,-25075.4,34.885181,136.892337,0,1,0,0
愛知県,半田市,板山町三丁目,,71,7,-123431.6,-24981.9,34.88707,136.893353,0,1,0,0
愛知県,半田市,板山町四丁目,,65,7,-123631.3,-24666.5,34.885278,136.896809,0,1,0,0
愛知県,半田市,板山町七丁目,,10,7,-123538.3,-25657.2,34.886091,136.885969,0,1,0,0
愛知県,半田市,板山町十一丁目,,77,7,-122961.1,-25702,34.891294,136.885461,0,1,0,0
愛知県,半田市,板山町十五丁目,,119,7,-122665.3,-26450.5,34.89394,136.877262,0,1,0,0
愛知県,半田市,板山町十三丁目,,101,7,-123050.8,-25907.5,34.890481,136.883215,0,1,0,0
愛知県,半田市,板山町十四丁目,,1,7,-122821.3,-26383.7,34.892536,136.877998,0,1,0,0
愛知県,半田市,板山町十丁目,,119,7,-123032.6,-25479.2,34.890656,136.887901,0,1,0,0
愛知県,半田市,板山町十二丁目,,1,7,-122708.3,-25751.2,34.893571,136.884915,0,1,0,0
愛知県,半田市,板山町二丁目,,117,7,-123381.8,-25212.5,34.887515,136.890829,0,1,0,0
愛知県,半田市,板山町八丁目,,81,7,-123372.8,-25610,34.887585,136.886481,0,1,0,0
愛知県,半田市,板山町六丁目,,4,7,-123521.3,-25229.2,34.886254,136.89065,0,1,0,0
愛知県,半田市,飯森町,,125,7,-120505.6,-20265.5,34.913552,136.944882,0,1,0,0
愛知県,半田市,美原町一丁目,,26,7,-120012.8,-20173,34.917997,136.945882,0,1,0,0
愛知県,半田市,美原町二丁目,,1,7,-119810.6,-20126.5,34.91982,136.946388,0,1,0,0
愛知県,半田市,柊町一丁目,,88,7,-121915.5,-22807.2,34.90079,136.917104,0,1,0,0
愛知県,半田市,柊町五丁目,,15,7,-121945.5,-23606.9,34.9005,136.908355,1,1,0,0
愛知県,半田市,柊町三丁目,,9,7,-122054.3,-23191.5,34.899529,136.912904,1,1,0,0
愛知県,半田市,柊町四丁目,,211,7,-121725.5,-23422.2,34.902489,136.91037,1,1,0,0
愛知県,半田市,柊町二丁目,,1,7,-121594,-23076.2,34.903682,136.914152,0,1,0,0
愛知県,半田市,彦洲町一丁目,,124,7,-123224.5,-24182.7,34.888956,136.902093,0,1,0,0
愛知県,半田市,彦洲町三丁目,,6,7,-123325.1,-24340.7,34.888047,136.900364,0,1,0,0
愛知県,半田市,彦洲町四丁目,,161,7,-122871.3,-24465.7,34.892133,136.898984,0,1,0,0
愛知県,半田市,彦洲町二丁目,,24,7,-123542.8,-24059.7,34.886091,136.903446,0,1,0,0
愛知県,半田市,苗代町一丁目,,42,7,-120245.1,-20797.7,34.915891,136.939052,0,1,0,0
愛知県,半田市,苗代町二丁目,,8,7,-120107.3,-20992.2,34.91713,136.936919,0,1,0,0
愛知県,半田市,浜町,,1,7,-123175.1,-21320,34.889467,136.933411,0,1,0,0
愛知県,半田市,浜田町一丁目,,10,7,-121526.1,-19929.2,34.904361,136.948587,0,1,0,0
愛知県,半田市,浜田町三丁目,,13,7,-121790.1,-21038,34.901958,136.936461,0,1,0,0
愛知県,半田市,浜田町二丁目,,24,7,-121697.6,-20244.5,34.902808,136.945141,0,1,0,0
愛知県,半田市,冨士ケ丘六丁目,,99,7,-124965.3,-24453,34.873257,136.899184,0,1,0,0
愛知県,半田市,福地町,,59,7,-122552.5,-24321.9,34.895012,136.90055,0,1,0,0
愛知県,半田市,平井町一丁目,,3,7,-120759.5,-24597.7,34.911169,136.897478,0,1,0,0
愛知県,半田市,平井町五丁目,,1,7,-121035.6,-24858.7,34.908673,136.894631,0,1,0,0
愛知県,半田市,平井町三丁目,,2,7,-121212.6,-24589.7,34.907083,136.897579,0,1,0,0
愛知県,半田市,平井町四丁目,,21,7,-121489,-24616.2,34.904592,136.897298,0,1,0,0
愛知県,半田市,平井町七丁目,,43,7,-120789.3,-24723.5,34.910896,136.896104,0,1,0,0
愛知県,半田市,平井町二丁目,,8,7,-121036.3,-24604.2,34.908673,136.897415,0,1,0,0
愛知県,半田市,平井町六丁目,,21,7,-120943.8,-24750.7,34.909503,136.895811,0,1,0,0
愛知県,半田市,平地町一丁目,,57,7,-120262.6,-19267,34.915762,136.955804,0,1,0,0
愛知県,半田市,平地町五丁目,,7,7,-119773,-19426,34.920174,136.954051,0,1,0,0
愛知県,半田市,平地町三丁目,,80,7,-120517.8,-19448.7,34.91346,136.953822,0,1,0,0
愛知県,半田市,平地町四丁目,,152,7,-120500.1,-19713.7,34.913612,136.95092,0,1,0,0
愛知県,半田市,平地町二丁目,,49,7,-120175.6,-19435,34.916544,136.953962,0,1,0,0
愛知県,半田市,平地馬場町二丁目,,3,7,-119220.8,-19341.7,34.925153,136.954961,0,1,0,0
愛知県,半田市,平和町一丁目,,53,7,-120963.3,-24076.9,34.909343,136.903185,0,1,0,0
愛知県,半田市,平和町五丁目,,1,7,-121034,-24434.2,34.908698,136.899275,0,1,0,0
愛知県,半田市,平和町三丁目,,5,7,-121230.5,-24142.7,34.906934,136.90247,0,1,0,0
愛知県,半田市,平和町四丁目,,1,7,-121380.3,-24459,34.905576,136.899013,0,1,0,0
愛知県,半田市,平和町七丁目,,55,7,-120772.8,-24485.5,34.911051,136.898707,0,1,0,0
愛知県,半田市,平和町二丁目,,98,7,-120996.5,-24329.4,34.909039,136.900421,0,1,0,0
愛知県,半田市,平和町六丁目,,26,7,-120939.1,-24456,34.909553,136.899035,0,1,0,0
愛知県,半田市,宝来町五丁目,,5,7,-120936.3,-25864.4,34.909542,136.883623,0,1,0,0
愛知県,半田市,宝来町三丁目,,26,7,-121223,-25703.7,34.906962,136.88539,0,1,0,0
愛知県,半田市,宝来町四丁目,,26,7,-121217.3,-25780.2,34.907012,136.884553,0,1,0,0
愛知県,半田市,北滑草町,,160,7,-122247.3,-24155.4,34.897767,136.902363,0,1,0,0
愛知県,半田市,北大矢知町一丁目,,65,7,-118584.8,-21000.7,34.930852,136.936788,0,1,0,0
愛知県,半田市,北大矢知町三丁目,,96,7,-118254.1,-20632,34.933843,136.940816,0,1,0,0
愛知県,半田市,北大矢知町二丁目,,23,7,-118028.1,-20787.2,34.935876,136.939111,0,1,0,0
愛知県,半田市,北二ツ坂町一丁目,,1,7,-122591.6,-23292.5,34.894683,136.911812,1,1,0,0
愛知県,半田市,北二ツ坂町三丁目,,1,7,-122399.6,-23556.4,34.896408,136.908921,1,1,0,0
愛知県,半田市,北二ツ坂町二丁目,,1,7,-122658.3,-23593,34.894075,136.908525,1,1,0,0
愛知県,半田市,北末広町,,51,7,-122636.8,-21742.7,34.894309,136.928772,0,1,0,0
愛知県,半田市,堀崎町一丁目,,1,7,-122161.5,-21747.7,34.898595,136.928704,0,1,0,0
愛知県,半田市,堀崎町二丁目,,33,7,-122341.6,-21779,34.89697,136.928366,0,1,0,0
愛知県,半田市,本町一丁目,,1,7,-121833,-21258.7,34.901567,136.934047,0,1,0,0
愛知県,半田市,本町五丁目,,1,7,-122216.5,-21305.5,34.898108,136.933542,0,1,0,0
愛知県,半田市,本町三丁目,,31,7,-122115.8,-21203.7,34.899019,136.934655,0,1,0,0
愛知県,半田市,本町四丁目,,13,7,-122157.8,-21285.2,34.898639,136.933765,0,1,0,0
愛知県,半田市,本町七丁目,,1,7,-122336,-21349.5,34.89703,136.933065,0,1,0,0
愛知県,半田市,本町二丁目,,8,7,-121991.6,-21242,34.900137,136.934232,0,1,0,0
愛知県,半田市,本町六丁目,,1,7,-122232.5,-21361.4,34.897962,136.932932,0,1,0,0
愛知県,半田市,妙見町,,12,7,-123054.6,-21519.7,34.890549,136.93122,0,1,0,0
愛知県,半田市,有楽町一丁目,,103,7,-124049.6,-22309,34.881562,136.922613,0,1,0,0
愛知県,半田市,有楽町五丁目,,216,7,-124680.8,-22870.9,34.875858,136.916483,0,1,0,0
愛知県,半田市,有楽町三丁目,,228,7,-124241.5,-22699,34.879823,136.918351,0,1,0,0
愛知県,半田市,有楽町四丁目,,223,7,-124340.3,-22747.5,34.878931,136.917823,0,1,0,0
愛知県,半田市,有楽町七丁目,,11,7,-124955.6,-22867,34.873381,136.916534,0,1,0,0
愛知県,半田市,有楽町二丁目,,18,7,-124101.3,-22558,34.88109,136.91989,0,1,0,0
愛知県,半田市,有楽町八丁目,,8,7,-125259.5,-22770.5,34.870645,136.917597,0,1,0,0
愛知県,半田市,有楽町六丁目,,7,7,-124796.6,-22857.4,34.874814,136.916635,0,1,0,0
愛知県,半田市,有脇町一丁目,,1,7,-118800.1,-19088,34.92895,136.957729,0,1,0,0
愛知県,半田市,有脇町九丁目,,1,7,-118118.3,-19217,34.935094,136.956301,0,1,0,0
愛知県,半田市,有脇町五丁目,,49,7,-118355.5,-19233.7,34.932955,136.956124,0,1,0,0
愛知県,半田市,有脇町三丁目,,31,7,-118540.3,-19332.4,34.931289,136.955049,0,1,0,0
愛知県,半田市,有脇町四丁目,,1,7,-118577.3,-19207,34.930956,136.956422,0,1,0,0
愛知県,半田市,有脇町七丁目,,14,7,-118179.8,-19140.4,34.934542,136.957142,0,1,0,0
愛知県,半田市,有脇町十一丁目,,1,7,-117930.8,-19326.4,34.936782,136.955099,0,1,0,0
愛知県,半田市,有脇町十五丁目,,2,7,-117784.3,-19329.7,34.938104,136.955061,0,1,0,0
愛知県,半田市,有脇町十三丁目,,83,7,-117930,-18917.5,34.936798,136.959575,0,1,0,0
愛知県,半田市,有脇町十四丁目,,3,7,-117832.3,-19089.7,34.937674,136.957687,0,1,0,0
愛知県,半田市,有脇町十丁目,,30,7,-118143.3,-19334,34.934868,136.955022,0,1,0,0
愛知県,半田市,有脇町十二丁目,,1,7,-118026.1,-19057,34.935929,136.958051,0,1,0,0
愛知県,半田市,有脇町二丁目,,38,7,-118672.3,-19233.5,34.9301,136.956134,0,1,0,0
愛知県,半田市,有脇町八丁目,,73,7,-118206.8,-18983.5,34.934302,136.958861,0,1,0,0
愛知県,半田市,有脇町六丁目,,1,7,-118238.5,-19330.7,34.934009,136.95506,0,1,0,0
愛知県,半田市,緑ケ丘一丁目,,26,7,-118686.1,-19587.7,34.929969,136.952257,0,1,0,0
愛知県,半田市,緑ケ丘九丁目,,48,7,-117950.8,-19727.9,34.936594,136.950705,0,1,0,0
愛知県,半田市,緑ケ丘五丁目,,24,7,-118407.6,-19780.2,34.932476,136.950142,0,1,0,0
愛知県,半田市,緑ケ丘三丁目,,3,7,-118341.5,-19605.5,34.933075,136.952055,0,1,0,0
愛知県,半田市,緑ケ丘四丁目,,1,7,-118205.3,-19550.7,34.934303,136.952652,0,1,0,0
愛知県,半田市,緑ケ丘七丁目,,12,7,-118144,-20140.2,34.934846,136.946197,0,1,0,0
愛知県,半田市,緑ケ丘十一丁目,,1,7,-117897.6,-19501.9,34.937078,136.953178,0,1,0,0
愛知県,半田市,緑ケ丘十三丁目,,42,7,-117461.6,-19905.9,34.941001,136.948746,0,1,0,0
愛知県,半田市,緑ケ丘十丁目,,1,7,-118120.8,-19555.5,34.935065,136.952596,0,1,0,0
愛知県,半田市,緑ケ丘十二丁目,,43,7,-117962.3,-19622.5,34.936492,136.95186,0,1,0,0
愛知県,半田市,緑ケ丘二丁目,,120,7,-118546.1,-19648.2,34.931229,136.951591,0,1,0,0
愛知県,半田市,緑ケ丘八丁目,,4,7,-117990.1,-19953,34.936236,136.94824,0,1,0,0
愛知県,半田市,緑ケ丘六丁目,,15,7,-118233.8,-19939.5,34.934038,136.948396,0,1,0,0
愛知県,半田市,兀山町,,171,7,-119602.8,-21282.5,34.921669,136.933728,0,1,0,0
愛知県,半田市,葭谷町二丁目,,83,7,-122655.1,-24176.5,34.894091,136.902141,0,1,0,0
愛知県,半田市,鴉根町一丁目,,102,7,-124574.3,-24544.4,34.876779,136.898174,0,1,0,0
愛知県,半田市,鴉根町三丁目,,23,7,-124611.1,-25332.2,34.876429,136.889556,0,1,0,0
愛知県,半田市,鴉根町四丁目,,86,7,-124572,-25813,34.87677,136.884298,0,1,0,0
愛知県,半田市,鴉根町二丁目,,69,7,-124523.1,-24948.2,34.877231,136.893755,0,1,0,0
