都道府県名,municipality,oaza,aza,街区符号・地番,座標系番号,Ｘ座標,Ｙ座標,latitude,longitude,住居表示フラグ,代表フラグ,更新前履歴フラグ,更新後履歴フラグ
愛知県,東浦町,大字緒川,西本坪,6,7,-114200.1,-23052.4,34.970336,136.914209,0,1,0,0
愛知県,東浦町,大字緒川,寿久茂,8,7,-114315.3,-22948.9,34.969299,136.915346,0,1,0,0
愛知県,東浦町,大字緒川,唐治屋敷,65,7,-114197,-22918.7,34.970368,136.915673,0,1,0,0
愛知県,東浦町,大字緒川,八巻,3,7,-114049.3,-22843.5,34.971701,136.916493,0,1,0,0
愛知県,東浦町,大字緒川,中本坪,1,7,-113904.8,-22892.4,34.973,136.915953,0,1,0,0
愛知県,東浦町,大字緒川,丸山,27,7,-114605.8,-22834.9,34.966683,136.916602,0,1,0,0
愛知県,東浦町,大字緒川,西釜池,8,7,-114792.8,-22786.5,34.964998,136.917135,0,1,0,0
愛知県,東浦町,大字緒川,組田,37,7,-114943.1,-22735.7,34.963645,136.917697,0,1,0,0
愛知県,東浦町,大字緒川,中釜池,60,7,-114681.6,-22661.9,34.966003,136.918498,0,1,0,0
愛知県,東浦町,大字緒川,植山,1,7,-114212.3,-22679.2,34.970233,136.918296,0,1,0,0
愛知県,東浦町,大字緒川,雁狭間,18,7,-114290.3,-22502,34.969535,136.920238,0,1,0,0
愛知県,東浦町,大字緒川,北添,25,7,-114044.1,-22570.7,34.971753,136.919479,0,1,0,0
愛知県,東浦町,大字緒川,肥後原,13,7,-114508.1,-22513.4,34.967571,136.920119,0,1,0,0
愛知県,東浦町,大字緒川,東釜池,20,7,-114954.6,-22516,34.963546,136.920103,0,1,0,0
愛知県,東浦町,大字緒川,新左田,12,7,-114980,-22419,34.96332,136.921165,0,1,0,0
愛知県,東浦町,大字緒川,次郎兵衛山,4,7,-114741.8,-22348,34.965468,136.921938,0,1,0,0
愛知県,東浦町,大字緒川,東本坪,10,7,-113785.3,-22321.2,34.974091,136.922205,0,1,0,0
愛知県,東浦町,大字緒川,丸池,19,7,-115389.6,-22283.7,34.959631,136.92266,0,1,0,0
愛知県,東浦町,大字緒川,丸池台,1,7,-115277.5,-22313.9,34.960641,136.922325,0,1,0,0
愛知県,東浦町,大字緒川,雁狭間山,12,7,-114262.6,-22289.4,34.96979,136.922566,0,1,0,0
愛知県,東浦町,大字緒川,西地獄,1,7,-114117.1,-22258.9,34.971102,136.922897,0,1,0,0
愛知県,東浦町,大字緒川,大原,2,7,-114610.1,-22063,34.966661,136.925054,0,1,0,0
愛知県,東浦町,大字緒川,南籾谷鐘,10,7,-115075.8,-21912.9,34.962466,136.926711,0,1,0,0
愛知県,東浦町,大字緒川,姥池,26,7,-113813.3,-22067.2,34.973844,136.924988,0,1,0,0
愛知県,東浦町,大字緒川,葭池,64,7,-113707.6,-22083.2,34.974798,136.924809,0,1,0,0
愛知県,東浦町,大字緒川,地獄谷,1,7,-114044.8,-21998.9,34.97176,136.925743,0,1,0,0
愛知県,東浦町,大字緒川,東仙台,1,7,-115543.3,-22024.7,34.95825,136.925498,0,1,0,0
愛知県,東浦町,大字緒川,北籾谷鐘,5,7,-114696.6,-21919.7,34.965885,136.926626,0,1,0,0
愛知県,東浦町,大字緒川,鴉狭間,10,7,-113055,-21705.4,34.980688,136.928931,0,1,0,0
愛知県,東浦町,大字緒川,西高根,1,7,-115240.8,-21830.9,34.96098,136.927614,0,1,0,0
愛知県,東浦町,大字緒川,上広狭間,27,7,-114547.6,-21815.7,34.96723,136.927762,0,1,0,0
愛知県,東浦町,大字緒川,南鶴根,5,7,-114366.6,-21753.4,34.968864,136.928439,0,1,0,0
愛知県,東浦町,大字緒川,北鶴根,66,7,-114173.1,-21680.9,34.97061,136.929228,0,1,0,0
愛知県,東浦町,大字緒川,深狭間,10,7,-113647.8,-21728.9,34.975344,136.928688,0,1,0,0
愛知県,東浦町,大字緒川,上高根台,33,7,-115272.8,-21800.4,34.960692,136.927947,0,1,0,0
愛知県,東浦町,大字緒川,北東仙坊,1,7,-115387.3,-21763.5,34.959662,136.928355,0,1,0,0
愛知県,東浦町,大字緒川,広狭間,31,7,-114555,-21698.7,34.967167,136.929043,0,1,0,0
愛知県,東浦町,大字緒川,市右原,2,7,-113916.3,-21684.2,34.972924,136.929183,0,1,0,0
愛知県,東浦町,大字緒川,鴻ノ木,1,7,-113285.8,-21471.5,34.978613,136.931499,0,1,0,0
愛知県,東浦町,大字緒川,立合池,16,7,-115573.5,-21642.2,34.957987,136.929687,0,1,0,0
愛知県,東浦町,大字緒川,上高根,19,7,-114826.8,-21547.9,34.96472,136.930701,0,1,0,0
愛知県,東浦町,大字緒川,鶴根,17,7,-114182.1,-21495.5,34.970533,136.931259,0,1,0,0
愛知県,東浦町,大字緒川,中広狭間,6,7,-114457.5,-21455.2,34.968051,136.931707,0,1,0,0
愛知県,東浦町,大字緒川,下米田,6,7,-112933.8,-21430.4,34.981788,136.931939,0,1,0,0
愛知県,東浦町,大字緒川,上米田,2,7,-113627.5,-21486.9,34.975532,136.931339,0,1,0,0
愛知県,東浦町,大字緒川,上鰻池,1,7,-113864.6,-21416,34.973396,136.932119,0,1,0,0
愛知県,東浦町,大字緒川,中米田,1,7,-113301.8,-21244.2,34.978473,136.933987,0,1,0,0
愛知県,東浦町,大字石浜,藤仙坊,38,7,-115948.3,-21323.7,34.954613,136.933186,0,1,0,0
愛知県,東浦町,大字緒川,下高根,5,7,-114589.6,-21290,34.966864,136.933519,0,1,0,0
愛知県,東浦町,大字緒川,薮道,6,7,-112444,-21337.9,34.986204,136.932941,0,1,0,0
愛知県,東浦町,大字森岡,西時志,3,7,-112422.6,-21172.2,34.986401,136.934753,0,1,0,0
愛知県,東浦町,大字緒川,庄九,12,7,-115402,-21149.7,34.959542,136.935077,0,1,0,0
愛知県,東浦町,大字緒川,明治,124,7,-114141.5,-21246.2,34.970903,136.933987,0,1,0,0
愛知県,東浦町,大字石浜,上永見,31,7,-115701.8,-21196.5,34.956839,136.934572,0,1,0,0
愛知県,東浦町,大字緒川,葭狭間,1,7,-113522.5,-21119.7,34.976486,136.935357,0,1,0,0
愛知県,東浦町,大字緒川,折戸,31,7,-114126.1,-21081.2,34.971046,136.935793,0,1,0,0
愛知県,東浦町,大字森岡,時志二区,10,7,-112545.5,-20959.7,34.985298,136.937085,0,1,0,0
愛知県,東浦町,大字緒川,東米田,1,7,-113326,-21126.5,34.978257,136.935277,0,1,0,0
愛知県,東浦町,大字緒川,相生の丘,5,7,-113311,-21066,34.978394,136.935939,0,1,0,0
愛知県,東浦町,大字森岡,源一,12,7,-112307,-21031.2,34.987445,136.936296,0,1,0,0
愛知県,東浦町,大字石浜,鋳師,20,7,-115822.3,-21107,34.955755,136.935553,0,1,0,0
愛知県,東浦町,大字緒川,鰻池,48,7,-113691.1,-21035.9,34.974967,136.93628,0,1,0,0
愛知県,東浦町,大字緒川,鈴栗弐区,23,7,-114730.8,-20929.2,34.965598,136.937475,0,1,0,0
愛知県,東浦町,大字森岡,東時志,26,7,-112152.3,-20989.4,34.988841,136.936749,0,1,0,0
愛知県,東浦町,大字緒川,桐池壱区,18,7,-114293.3,-20941,34.969541,136.937332,0,1,0,0
愛知県,東浦町,大字緒川,桐池四区,15,7,-113909.6,-20955.2,34.973,136.937169,0,1,0,0
愛知県,東浦町,大字緒川,中根,1,7,-115300.8,-20953.9,34.960459,136.937218,0,1,0,0
愛知県,東浦町,大字石浜,午池,34,7,-116381.1,-20834.4,34.950724,136.938554,0,1,0,0
愛知県,東浦町,大字緒川,鼈池,32,7,-115229.5,-20901.7,34.961103,136.937788,0,1,0,0
愛知県,東浦町,大字緒川,桐池弐区,36,7,-114360.1,-20877.5,34.968941,136.938029,0,1,0,0
愛知県,東浦町,大字緒川,上苅又池,18,7,-113113.8,-20776.9,34.980178,136.939101,0,1,0,0
愛知県,東浦町,大字緒川,苅又一区,21,7,-112731.6,-20792.5,34.983623,136.938921,0,1,0,0
愛知県,東浦町,大字緒川,鈴栗壱区,13,7,-114317,-20779,34.969332,136.939109,0,1,0,0
愛知県,東浦町,大字森岡,二ツ池,38,7,-112234.6,-20656.5,34.988106,136.940397,0,1,0,0
愛知県,東浦町,大字石浜,平池西,2,7,-116583.1,-20737.2,34.948905,136.939622,0,1,0,0
愛知県,東浦町,大字緒川,篭池,11,7,-113616.3,-20595.7,34.975651,136.941099,0,1,0,0
愛知県,東浦町,大字緒川,相生,13,7,-113324.3,-20659.2,34.978282,136.940394,0,1,0,0
愛知県,東浦町,大字緒川,平六,41,7,-115178.3,-20627.7,34.96157,136.940787,0,1,0,0
愛知県,東浦町,大字緒川,下苅又池,16,7,-112504,-20555.5,34.98568,136.941511,0,1,0,0
愛知県,東浦町,大字緒川,梨ノ木,21,7,-112824.3,-20616.7,34.98279,136.940848,0,1,0,0
愛知県,東浦町,大字緒川,大高山壱区,10,7,-114762.8,-20555.7,34.965318,136.941564,0,1,0,0
愛知県,東浦町,大字緒川,桐池参区,23,7,-114040.1,-20546.5,34.971831,136.941646,0,1,0,0
愛知県,東浦町,大字石浜,平池上,26,7,-116754.8,-20511.5,34.947361,136.942099,0,1,0,0
愛知県,東浦町,大字森岡,時志一区,1,7,-112308.3,-20527.7,34.987445,136.941811,0,1,0,0
愛知県,東浦町,大字生路,平根二区,59,7,-116925.3,-20397.9,34.945825,136.943345,0,1,0,0
愛知県,東浦町,大字緒川,組ケ平弐区,25,7,-113542.1,-20349.7,34.976326,136.943792,0,1,0,0
愛知県,東浦町,大字石浜,新兵衛山,38,7,-115578,-20276,34.957974,136.944647,0,1,0,0
愛知県,東浦町,大字緒川,大高山弐区,30,7,-114446.5,-20276.4,34.968175,136.944615,0,1,0,0
愛知県,東浦町,大字緒川,引蛙,7,7,-114156.3,-20229.7,34.97079,136.945121,0,1,0,0
愛知県,東浦町,大字緒川,小川一区,37,7,-113783,-20286.5,34.974156,136.944488,0,1,0,0
愛知県,東浦町,大字緒川,鍋ケ谷,63,7,-114944.8,-20226.2,34.963684,136.945177,0,1,0,0
愛知県,東浦町,大字緒川,大草,1,7,-112772.1,-20173,34.983271,136.945706,0,1,0,0
愛知県,東浦町,大字森岡,錦,15,7,-112182.6,-20286.7,34.988582,136.944447,0,1,0,0
愛知県,東浦町,大字生路,黒根,34,7,-116701.6,-20321.7,34.947845,136.944174,0,1,0,0
愛知県,東浦町,大字森岡,一ツ池,1,7,-112354.6,-20252.7,34.987031,136.944825,0,1,0,0
愛知県,東浦町,大字藤江,藤塚,23,7,-117273.3,-20324,34.942691,136.944164,0,1,0,0
愛知県,東浦町,大字緒川,両筋道,4,7,-113352.3,-20202.7,34.978039,136.945395,0,1,0,0
愛知県,東浦町,大字藤江,西黒根,17,7,-116905.1,-20278.2,34.94601,136.944655,0,1,0,0
愛知県,東浦町,大字緒川,石名平,25,7,-113905.8,-20166,34.97305,136.945811,0,1,0,0
愛知県,東浦町,大字石浜,半戸,41,7,-116124.8,-20238.5,34.953045,136.945072,0,1,0,0
愛知県,東浦町,大字森岡,上源吾,35,7,-111912,-19889.7,34.99103,136.94879,0,1,0,0
愛知県,東浦町,大字石浜,蛇子連,22,7,-115262,-20052,34.960827,136.947091,0,1,0,0
愛知県,東浦町,大字石浜,東半戸,143,7,-116186.8,-20093.5,34.952489,136.946661,0,1,0,0
愛知県,東浦町,大字緒川,三日狭間,2,7,-113022.6,-20128.5,34.981012,136.946202,0,1,0,0
愛知県,東浦町,大字緒川,庄九坂,16,7,-114318.1,-20078.4,34.969335,136.946782,0,1,0,0
愛知県,東浦町,大字緒川,西高岨,39,7,-113350.6,-20039.9,34.978057,136.94718,0,1,0,0
愛知県,東浦町,大字緒川,南赤坂一区,89,7,-113565.6,-20063.5,34.976118,136.946925,0,1,0,0
愛知県,東浦町,大字藤江,篠田,5,7,-117351.1,-20012.9,34.941996,136.947572,0,1,0,0
愛知県,東浦町,大字緒川,下舟木,5,7,-114298.3,-19863.9,34.969518,136.949129,0,1,0,0
愛知県,東浦町,大字森岡,野田,23,7,-112319,-20003.7,34.987358,136.947552,0,1,0,0
愛知県,東浦町,大字森岡,下申間,14,7,-112169.8,-19875.7,34.988706,136.948948,0,1,0,0
愛知県,東浦町,大字緒川,南石根,4,7,-112716.6,-19895.9,34.983775,136.948742,0,1,0,0
愛知県,東浦町,大字藤江,追根,1,7,-117372.3,-19812.5,34.941808,136.949766,0,1,0,0
愛知県,東浦町,大字森岡,餓鬼出,2,7,-112306.8,-19905.7,34.98747,136.948623,0,1,0,0
愛知県,東浦町,大字緒川,大薮,13,7,-113736.8,-19763,34.974581,136.95022,0,1,0,0
愛知県,東浦町,大字森岡,源吾山,3,7,-111407.8,-19891.7,34.995575,136.948757,0,1,0,0
愛知県,東浦町,大字石浜,御鴻城,24,7,-115392.3,-19893.2,34.959656,136.948835,0,1,0,0
愛知県,東浦町,大字生路,平根一区,57,7,-116545.6,-19861.7,34.94926,136.949207,0,1,0,0
愛知県,東浦町,大字緒川,北赤坂,1,7,-113097.5,-19630.2,34.980347,136.95166,0,1,0,0
愛知県,東浦町,大字藤江,東黒根,5,7,-116686.1,-19830.2,34.947994,136.949555,0,1,0,0
愛知県,東浦町,大字石浜,蕨,43,7,-115606.5,-19878.2,34.957726,136.949004,0,1,0,0
愛知県,東浦町,大字森岡,南陽一区,8,7,-112354,-19792.5,34.987048,136.949864,0,1,0,0
愛知県,東浦町,大字緒川,実盛山,24,7,-112782.5,-19750,34.983186,136.95034,0,1,0,0
愛知県,東浦町,大字緒川,東高岨,11,7,-113374.6,-19634.2,34.977848,136.951624,0,1,0,0
愛知県,東浦町,大字藤江,新池,1,7,-117113,-19722.7,34.944147,136.950741,0,1,0,0
愛知県,東浦町,大字森岡,下源吾,14,7,-111036.1,-19759,34.998927,136.950199,0,1,0,0
愛知県,東浦町,大字石浜,三ツ池,15,7,-114578,-19479,34.967005,136.953351,0,1,0,0
愛知県,東浦町,大字生路,永栄三区,73,7,-116524.3,-19621,34.949455,136.951841,0,1,0,0
愛知県,東浦町,大字森岡,祖母懐,6,7,-111493.3,-19588.2,34.99481,136.952082,0,1,0,0
愛知県,東浦町,大字藤江,苔根,32,7,-117567.1,-19598.7,34.940055,136.952111,0,1,0,0
愛知県,東浦町,大字緒川,入道狭間,21,7,-113849,-19572.7,34.973574,136.952307,0,1,0,0
愛知県,東浦町,大字緒川,上舟木,50,7,-114091.1,-19540.7,34.971392,136.952663,0,1,0,0
愛知県,東浦町,大字生路,石根,33,7,-116294.1,-19489.4,34.951535,136.953278,0,1,0,0
愛知県,東浦町,大字藤江,仲之山,149,7,-116949.1,-19577,34.945627,136.952333,0,1,0,0
愛知県,東浦町,大字石浜,雨堤,4,7,-114986.6,-19410.2,34.963321,136.954115,0,1,0,0
愛知県,東浦町,大字石浜,願並,153,7,-115293.1,-19373.7,34.96056,136.954521,0,1,0,0
愛知県,東浦町,大字生路,永栄二区,72,7,-116028.3,-19530.7,34.953929,136.95282,0,1,0,0
愛知県,東浦町,大字森岡,森の里,12,7,-111705.1,-19514.2,34.992902,136.952898,0,1,0,0
愛知県,東浦町,大字藤江,カガリ,5,7,-116520,-19514.5,34.949497,136.953007,0,1,0,0
愛知県,東浦町,大字藤江,奥蕨,73,7,-117360.8,-19470.5,34.941918,136.953508,0,1,0,0
愛知県,東浦町,大字森岡,上申間,1,7,-111792.6,-19491,34.992113,136.953155,0,1,0,0
愛知県,東浦町,大字緒川,膝折,17,7,-112771.1,-19486,34.983294,136.953232,0,1,0,0
愛知県,東浦町,大字緒川,栄,10,7,-112878.6,-19422.7,34.982326,136.953928,0,1,0,0
愛知県,東浦町,大字緒川,東膝折,69,7,-112481.8,-19513.5,34.9859,136.952923,0,1,0,0
愛知県,東浦町,大字緒川,門前,66,7,-113976.8,-19444.2,34.972423,136.953719,0,1,0,0
愛知県,東浦町,大字藤江,定納,4,7,-117631.1,-19433.7,34.939481,136.953917,0,1,0,0
愛知県,東浦町,大字森岡,上今池,8,7,-111603.1,-19472.7,34.993822,136.95335,0,1,0,0
愛知県,東浦町,大字緒川,猪伏釜,59,7,-113043.6,-19258.7,34.98084,136.955727,0,1,0,0
愛知県,東浦町,大字緒川,赤坂,1,7,-113360.8,-19403.2,34.977978,136.954153,0,1,0,0
愛知県,東浦町,大字緒川,南赤坂二区,63,7,-113488.8,-19407,34.976824,136.954115,0,1,0,0
愛知県,東浦町,大字緒川,井之口,48,7,-113941.5,-19278.7,34.972746,136.95553,0,1,0,0
愛知県,東浦町,大字森岡,上割木,6,7,-111398.1,-19409.7,34.995671,136.954037,0,1,0,0
愛知県,東浦町,大字森岡,十一廻間,1,7,-111971.8,-19274.5,34.990501,136.95553,0,1,0,0
愛知県,東浦町,大字緒川,北河内,45,7,-112398.6,-19271.7,34.986656,136.95557,0,1,0,0
愛知県,東浦町,大字緒川,上三町,58,7,-113373,-19308.2,34.977871,136.955194,0,1,0,0
愛知県,東浦町,大字生路,永栄一区,81,7,-116170.6,-19193.5,34.952654,136.956513,0,1,0,0
愛知県,東浦町,大字緒川,三ツ池一区,2,7,-114158.3,-19264.2,34.970793,136.955693,0,1,0,0
愛知県,東浦町,大字森岡,下今池,17,7,-111480.3,-19279.2,34.994933,136.955466,0,1,0,0
愛知県,東浦町,大字藤江,口蕨,35,7,-117142.8,-19255,34.943886,136.955862,0,1,0,0
愛知県,東浦町,大字石浜,三本松,1,7,-114735.6,-19148,34.965589,136.956979,0,1,0,0
愛知県,東浦町,大字緒川,北大狭間,36,7,-112841.3,-19181.9,34.982666,136.956565,0,1,0,0
愛知県,東浦町,大字緒川,南大狭間,11,7,-113004.8,-19208.2,34.981191,136.95628,0,1,0,0
愛知県,東浦町,大字藤江,八幡,39,7,-117021.3,-19142.9,34.944986,136.957087,0,1,0,0
愛知県,東浦町,大字藤江,守宮池,129,7,-116376.3,-19106.2,34.9508,136.957474,0,1,0,0
愛知県,東浦町,大字藤江,神木,42,7,-117411.8,-19149.7,34.941465,136.957021,0,1,0,0
愛知県,東浦町,大字石浜,飛山池上,15,7,-115761.1,-19098.9,34.956346,136.95754,0,1,0,0
愛知県,東浦町,大字藤江,広坂,13,7,-117580.3,-19065.9,34.939948,136.957943,0,1,0,0
愛知県,東浦町,大字藤江,北根,37,7,-117739.6,-19168.9,34.938509,136.956819,0,1,0,0
愛知県,東浦町,大字石浜,,45,7,-114296.8,-19141.5,34.969546,136.95704,0,1,0,0
愛知県,東浦町,大字緒川,沙弥田,21,7,-113446.6,-19092.4,34.97721,136.95756,0,1,0,0
愛知県,東浦町,大字藤江,仏,1,7,-116854.3,-18893.7,34.946496,136.959812,0,1,0,0
愛知県,東浦町,大字石浜,菰蓋,1,7,-114337.6,-19125.7,34.969177,136.957213,0,1,0,0
愛知県,東浦町,大字緒川,大狭間,2,7,-112877,-19130.4,34.982346,136.95713,0,1,0,0
愛知県,東浦町,大字森岡,濁池,10,7,-111740,-19119,34.992595,136.957227,0,1,0,0
愛知県,東浦町,大字藤江,高ツブラ,127,7,-117331.6,-19133.4,34.942188,136.9572,0,1,0,0
愛知県,東浦町,大字緒川,寿二区,20,7,-112731.8,-19054.2,34.983654,136.957962,0,1,0,0
愛知県,東浦町,大字森岡,半之木,1,7,-110917.3,-19017.9,35.000014,136.958317,0,1,0,0
愛知県,東浦町,大字緒川,寿一区,12,7,-112359.6,-19044,34.987011,136.958065,0,1,0,0
愛知県,東浦町,大字石浜,飛山,1,7,-114887.5,-18995.2,34.964224,136.958655,0,1,0,0
愛知県,東浦町,大字森岡,上半之木,11,7,-110981.6,-18995.9,34.999434,136.95856,0,1,0,0
愛知県,東浦町,大字生路,上坪釜,35,7,-116304.6,-19030.9,34.951447,136.958298,0,1,0,0
愛知県,東浦町,大字生路,上坪,31,7,-115892.8,-18983.5,34.955162,136.958807,0,1,0,0
愛知県,東浦町,大字森岡,飯喰場,7,7,-111255.3,-18940.7,34.996968,136.95917,0,1,0,0
愛知県,東浦町,大字森岡,高峯,1,7,-111369.5,-18931.2,34.995939,136.959276,0,1,0,0
愛知県,東浦町,大字石浜,入海田,6,7,-114836,-18949,34.964689,136.959161,0,1,0,0
愛知県,東浦町,大字緒川,南祢宜狭間,13,7,-113023.6,-18899.5,34.981028,136.959663,0,1,0,0
愛知県,東浦町,大字森岡,田面,73,7,-110734.3,-18871.2,35.001665,136.959921,0,1,0,0
愛知県,東浦町,大字藤江,山敷,45,7,-117108.3,-18812.7,34.944208,136.960703,0,1,0,0
愛知県,東浦町,大字石浜,西飛山,44,7,-114834.5,-18882.5,34.964703,136.959889,0,1,0,0
愛知県,東浦町,大字石浜,吹付,2,7,-114665.3,-18833.2,34.96623,136.960424,0,1,0,0
愛知県,東浦町,大字石浜,南ヶ丘,1,7,-114880.5,-18868.7,34.964289,136.960041,0,1,0,0
愛知県,東浦町,大字緒川,中祢宜狭間,1,7,-112947.6,-18836.9,34.981715,136.960347,0,1,0,0
愛知県,東浦町,大字森岡,中町,5,7,-111160.8,-18786.2,34.997821,136.960859,0,1,0,0
愛知県,東浦町,大字森岡,後廻間,14,7,-111569,-18826.5,34.994143,136.960428,0,1,0,0
愛知県,東浦町,大字緒川,喜右山,1,7,-113128.8,-18768.7,34.980082,136.961096,0,1,0,0
愛知県,東浦町,大字藤江,荒子,8,7,-117481.8,-18759.5,34.940842,136.961295,0,1,0,0
愛知県,東浦町,大字森岡,上田面,26,7,-111007.6,-18793,34.999203,136.960783,0,1,0,0
愛知県,東浦町,大字石浜,白山,1,7,-114500.3,-18830.5,34.967717,136.960451,0,1,0,0
愛知県,東浦町,大字緒川,濁池西,20,7,-113020.1,-18776,34.981062,136.961015,0,1,0,0
愛知県,東浦町,大字石浜,町田,105,7,-114069.6,-18813.2,34.9716,136.960631,0,1,0,0
愛知県,東浦町,大字石浜,藤塚,1,7,-114144.1,-18770,34.97093,136.961106,0,1,0,0
愛知県,東浦町,大字石浜,下黒鳥,14,7,-115664.5,-18646.2,34.957225,136.962495,0,1,0,0
愛知県,東浦町,大字藤江,樋,91,7,-116471.6,-18785.5,34.949947,136.960989,0,1,0,0
愛知県,東浦町,大字石浜,桜見台,1,7,-113955.3,-18712.4,34.972631,136.961733,0,1,0,0
愛知県,東浦町,大字緒川,一本木,1,7,-112740,-18705.2,34.983589,136.961782,0,1,0,0
愛知県,東浦町,大字藤江,西之宮,41,7,-116605.8,-18767.2,34.948737,136.961192,0,1,0,0
愛知県,東浦町,大字緒川,富士塚,6,7,-112839.6,-18744.5,34.982689,136.961354,0,1,0,0
愛知県,東浦町,大字森岡,南陽二区,31,7,-111948.5,-18705.5,34.990724,136.961762,0,1,0,0
愛知県,東浦町,大字藤江,ふじが丘,13,7,-116400.8,-18734,34.950586,136.961549,0,1,0,0
愛知県,東浦町,大字生路,池上,15,7,-116038.5,-18732.2,34.953853,136.961561,0,1,0,0
愛知県,東浦町,大字森岡,上小林,56,7,-111650,-18677.5,34.993414,136.962062,0,1,0,0
愛知県,東浦町,大字緒川,上之山,2,7,-113058.8,-18620.9,34.980716,136.962715,0,1,0,0
愛知県,東浦町,大字石浜,田之助,6,7,-114531.3,-18672.7,34.96744,136.962178,0,1,0,0
愛知県,東浦町,大字森岡,中田面,61,7,-110977.8,-18654.2,34.999473,136.962301,0,1,0,0
愛知県,東浦町,大字緒川,帯刀,4,7,-113611.3,-18648.9,34.975735,136.962421,0,1,0,0
愛知県,東浦町,大字生路,富士塚,20,7,-115905.6,-18628.5,34.955052,136.962693,0,1,0,0
愛知県,東浦町,大字緒川,六本木,1,7,-113319.1,-18597.4,34.978369,136.962977,0,1,0,0
愛知県,東浦町,大字緒川,後狭間,1,7,-113174,-18620.2,34.979678,136.962724,0,1,0,0
愛知県,東浦町,大字緒川,蛭藻池,9,7,-113484.6,-18557.2,34.976878,136.963421,0,1,0,0
愛知県,東浦町,大字緒川,小鮒,10,7,-112119.8,-18616.4,34.989181,136.962742,0,1,0,0
愛知県,東浦町,大字藤江,上之山,117,7,-116542.8,-18643.5,34.949309,136.962545,0,1,0,0
愛知県,東浦町,大字緒川,笠松,46,7,-112947,-18615,34.981724,136.962775,0,1,0,0
愛知県,東浦町,大字森岡,一色畑,57,7,-111187.3,-18593.2,34.997587,136.962975,0,1,0,0
愛知県,東浦町,大字石浜,坊ケ谷,29,7,-114293.6,-18629.7,34.969583,136.962646,0,1,0,0
愛知県,東浦町,大字森岡,新池下,1,7,-111081.3,-18558.2,34.998544,136.963357,0,1,0,0
愛知県,東浦町,大字森岡,柳ケ坪,42,7,-111000.1,-18526.9,34.999276,136.963698,0,1,0,0
愛知県,東浦町,大字森岡,天王西,6,7,-111745.6,-18469.5,34.992556,136.964344,0,1,0,0
愛知県,東浦町,大字森岡,山之神,3,7,-111486.5,-18587.5,34.994891,136.963044,0,1,0,0
愛知県,東浦町,大字藤江,摩耶,29,7,-116396.8,-18582.7,34.950625,136.963208,0,1,0,0
愛知県,東浦町,大字藤江,南新田,120,7,-117661.5,-18503.7,34.939225,136.9641,0,1,0,0
愛知県,東浦町,大字森岡,上之山,28,7,-111473.6,-18541.2,34.995007,136.96355,0,1,0,0
愛知県,東浦町,大字生路,上ノ里,95,7,-115709,-18502.4,34.956828,136.964071,0,1,0,0
愛知県,東浦町,大字藤江,六反田,1,7,-117441.8,-18448.5,34.941208,136.964698,0,1,0,0
愛知県,東浦町,大字緒川,平島,1,7,-113598.3,-18449.5,34.975856,136.964603,0,1,0,0
愛知県,東浦町,大字緒川,青木,2,7,-113275.1,-18472.2,34.978769,136.964347,0,1,0,0
愛知県,東浦町,大字藤江,松本,27,7,-117273.5,-18560.5,34.942723,136.96347,0,1,0,0
愛知県,東浦町,大字緒川,八幡,60,7,-112642.6,-18515.5,34.984468,136.963859,0,1,0,0
愛知県,東浦町,大字森岡,下小林,1,7,-111930.1,-18523.7,34.990893,136.963752,0,1,0,0
愛知県,東浦町,大字緒川,安明寺,21,7,-112085.5,-18318.4,34.989496,136.966006,0,1,0,0
愛知県,東浦町,大字森岡,杉之内,46,7,-111852.5,-18453.7,34.991593,136.964518,0,1,0,0
愛知県,東浦町,大字緒川,政所,1,7,-113508.1,-18412.5,34.976669,136.965005,0,1,0,0
愛知県,東浦町,大字緒川,与市山,1,7,-112270.3,-18424.7,34.987828,136.964844,0,1,0,0
愛知県,東浦町,大字石浜,連台,31,7,-114340,-18494.9,34.969169,136.964123,0,1,0,0
愛知県,東浦町,大字森岡,郷一色,13,7,-111308.5,-18501.4,34.996496,136.963985,0,1,0,0
愛知県,東浦町,大字石浜,八ツ針,58,7,-114837.5,-18488.2,34.964683,136.964206,0,1,0,0
愛知県,東浦町,大字藤江,須賀,18,7,-116949.1,-18486.5,34.945647,136.964271,0,1,0,0
愛知県,東浦町,大字緒川,北山神,1,7,-112423.8,-18449,34.986443,136.964582,0,1,0,0
愛知県,東浦町,大字石浜,黒鳥,20,7,-115197.8,-18439.5,34.961435,136.964747,0,1,0,0
愛知県,東浦町,大字石浜,笹原,28,7,-114876.6,-18473.7,34.964331,136.964366,0,1,0,0
愛知県,東浦町,大字森岡,上山之上,84,7,-111478.3,-18505,34.994965,136.963947,0,1,0,0
愛知県,東浦町,大字緒川,九俵池,3,7,-112494.1,-18482,34.985809,136.964223,0,1,0,0
愛知県,東浦町,大字緒川,平成,23,7,-113790.8,-18344,34.974122,136.965763,0,1,0,0
愛知県,東浦町,大字緒川,稗田,1,7,-112956.6,-18380.4,34.981641,136.965347,0,1,0,0
愛知県,東浦町,大字緒川,西川,1,7,-113012.8,-18434,34.981133,136.96476,0,1,0,0
愛知県,東浦町,大字藤江,トウズ,1,7,-116233,-18389.7,34.952106,136.965316,0,1,0,0
愛知県,東浦町,大字緒川,重右山,1,7,-113405,-18383.7,34.9776,136.96532,0,1,0,0
愛知県,東浦町,大字石浜,廻間,1,7,-114195.3,-18397.5,34.970474,136.965185,0,1,0,0
愛知県,東浦町,大字生路,大砂除,5,7,-115742,-18332.7,34.956533,136.965929,0,1,0,0
愛知県,東浦町,大字石浜,平鳥,82,7,-115614.3,-18410,34.957681,136.96508,0,1,0,0
愛知県,東浦町,大字森岡,松原,71,7,-111077,-18388,34.998586,136.965221,0,1,0,0
愛知県,東浦町,大字藤江,上廻間,92,7,-116769.8,-18369,34.947265,136.965554,0,1,0,0
愛知県,東浦町,大字緒川,蓮池,29,7,-113320,-18397.2,34.978366,136.96517,0,1,0,0
愛知県,東浦町,大字石浜,西平地,1,7,-114949.1,-18370.7,34.963679,136.965496,0,1,0,0
愛知県,東浦町,大字森岡,荒子,1,7,-111164,-18312.2,34.997802,136.966052,0,1,0,0
愛知県,東浦町,大字森岡,下山之上,18,7,-111447.8,-18375,34.995243,136.965373,0,1,0,0
愛知県,東浦町,大字生路,梨ノ木,15,7,-115909.8,-18305.5,34.955019,136.966231,0,1,0,0
愛知県,東浦町,大字藤江,上満,12,7,-117178,-18328,34.943587,136.966012,0,1,0,0
愛知県,東浦町,大字生路,狐洞,6,7,-116139.3,-18315.2,34.952952,136.96613,0,1,0,0
愛知県,東浦町,大字石浜,平林,71,7,-114677.8,-18324.7,34.966126,136.965993,0,1,0,0
愛知県,東浦町,大字石浜,庚申坊,3,7,-114177.1,-18319,34.97064,136.966046,0,1,0,0
愛知県,東浦町,大字藤江,皆栄町,26,7,-117842.1,-18327.5,34.937601,136.966033,0,1,0,0
愛知県,東浦町,大字藤江,三丁,9,7,-116453.8,-18273,34.950118,136.9666,0,1,0,0
愛知県,東浦町,大字藤江,前田,77,7,-117021.3,-18314.7,34.945,136.966154,0,1,0,0
愛知県,東浦町,大字緒川,金十根,8,7,-112205.6,-18326.7,34.988411,136.965916,0,1,0,0
愛知県,東浦町,大字藤江,南栄町,1,7,-118166.3,-17927.4,34.934685,136.970419,0,1,0,0
愛知県,東浦町,大字緒川,遠藤畑,1,7,-112391.8,-18309.2,34.986733,136.966114,0,1,0,0
愛知県,東浦町,大字森岡,藤後,27,7,-110942.1,-18257.7,34.999803,136.966645,0,1,0,0
愛知県,東浦町,大字緒川,屋敷参区,82,7,-113098.6,-18330.5,34.980362,136.965895,0,1,0,0
愛知県,東浦町,大字石浜,北庚申坊,6,7,-113941.1,-18310,34.972766,136.966139,0,1,0,0
愛知県,東浦町,大字森岡,段上,33,7,-111383,-18286.7,34.995829,136.966338,0,1,0,0
愛知県,東浦町,大字石浜,障戸,5,7,-113859.6,-18216.7,34.973505,136.96716,0,1,0,0
愛知県,東浦町,大字森岡,岡田,1,7,-111934.8,-18241,34.990855,136.96685,0,1,0,0
愛知県,東浦町,大字藤江,酉新田,97,7,-117408.6,-18237.7,34.94151,136.967005,0,1,0,0
愛知県,東浦町,大字石浜,青木,62,7,-114393.8,-18255,34.968687,136.966752,0,1,0,0
愛知県,東浦町,大字緒川,屋敷弐区,87,7,-112937.3,-18268.2,34.981816,136.966575,0,1,0,0
愛知県,東浦町,大字緒川,古城,1,7,-113301.3,-18247.9,34.978537,136.966805,0,1,0,0
愛知県,東浦町,大字藤江,大坪,29,7,-116562.8,-18225.7,34.949134,136.967118,0,1,0,0
愛知県,東浦町,大字緒川,羽城,1,7,-113409.6,-18243.2,34.977561,136.966859,0,1,0,0
愛知県,東浦町,大字石浜,下庚申坊,40,7,-114189,-18226.2,34.970534,136.967061,0,1,0,0
愛知県,東浦町,大字緒川,宝前庵,1,7,-112396.5,-18221,34.986694,136.967079,0,1,0,0
愛知県,東浦町,大字緒川,屋敷壱区,67,7,-112638.6,-18183.2,34.98451,136.967499,0,1,0,0
愛知県,東浦町,大字生路,上ノ山,43,7,-115339.1,-18205,34.960168,136.967319,0,1,0,0
愛知県,東浦町,大字森岡,新屋敷,15,7,-111552.5,-18200.5,34.994303,136.967286,0,1,0,0
愛知県,東浦町,大字緒川,下出口,7,7,-113411.8,-18160.5,34.977542,136.967763,0,1,0,0
愛知県,東浦町,大字森岡,取手,68,7,-111271.8,-18201,34.996831,136.967275,0,1,0,0
愛知県,東浦町,大字石浜,中平地,17,7,-115275.3,-18213.4,34.960743,136.967227,0,1,0,0
愛知県,東浦町,大字生路,傍示松,1,7,-115779.3,-18112.7,34.956201,136.96834,0,1,0,0
愛知県,東浦町,大字石浜,須賀,1,7,-114807.1,-18172.5,34.964964,136.967664,0,1,0,0
愛知県,東浦町,大字藤江,前新田,3,7,-117448.6,-18046,34.941153,136.969107,0,1,0,0
愛知県,東浦町,大字生路,小太郎,1,7,-116028.3,-18082.2,34.953955,136.968678,0,1,0,0
愛知県,東浦町,大字森岡,岡田川,63,7,-111901.5,-18182.4,34.991157,136.967491,0,1,0,0
愛知県,東浦町,大字緒川,天白,1,7,-112336.8,-18087,34.987234,136.968546,0,1,0,0
愛知県,東浦町,大字生路,西畑,1,7,-115605.3,-18162,34.957768,136.967795,0,1,0,0
愛知県,東浦町,大字石浜,平地,1,7,-115060.5,-18099.2,34.962681,136.96847,0,1,0,0
愛知県,東浦町,大字石浜,前浜,36,7,-114553.6,-18147.9,34.96725,136.967928,0,1,0,0
愛知県,東浦町,大字石浜,岐路,59,7,-113999.6,-18114.7,34.972244,136.968279,0,1,0,0
愛知県,東浦町,大字緒川,宮戸,6,7,-112160.3,-18081,34.988826,136.968608,0,1,0,0
愛知県,東浦町,大字生路,狭間,57,7,-115280.1,-18122.9,34.960701,136.968218,0,1,0,0
愛知県,東浦町,大字藤江,柳牛,25,7,-116631.6,-18054,34.948518,136.969,0,1,0,0
愛知県,東浦町,大字森岡,池端,1,7,-111545.6,-18099,34.994365,136.968398,0,1,0,0
愛知県,東浦町,大字石浜,芦間,1,7,-114100.6,-18093.4,34.971333,136.968514,0,1,0,0
愛知県,東浦町,大字藤江,折戸,1,7,-117060.8,-18093.4,34.944648,136.968579,0,1,0,0
愛知県,東浦町,大字森岡,前田,39,7,-111738.6,-18083.7,34.992626,136.96857,0,1,0,0
愛知県,東浦町,大字藤江,下廻間,41,7,-116886.6,-18112.7,34.946218,136.968363,0,1,0,0
愛知県,東浦町,大字森岡,一町田,1,7,-111820.1,-18049.7,34.991892,136.968943,0,1,0,0
愛知県,東浦町,大字森岡,栄北,52,7,-111196.8,-18038.7,34.997512,136.969051,0,1,0,0
愛知県,東浦町,大字石浜,行田,1,7,-114896.8,-17970.7,34.964157,136.969875,0,1,0,0
愛知県,東浦町,大字石浜,御保田,1,7,-114728.6,-17975.9,34.965674,136.969816,0,1,0,0
愛知県,東浦町,大字緒川,八郎兵衛,1,7,-113359.1,-18025.7,34.97802,136.969241,0,1,0,0
愛知県,東浦町,大字森岡,浜田,75,7,-111739.1,-18032.7,34.992623,136.969128,0,1,0,0
愛知県,東浦町,大字生路,池下,13,7,-116292.1,-18013.2,34.951579,136.969439,0,1,0,0
愛知県,東浦町,大字緒川,下汐田,17,7,-113447.3,-18028.7,34.977224,136.96921,0,1,0,0
愛知県,東浦町,大字緒川,塩田,29,7,-112026.1,-18007.4,34.990036,136.969412,0,1,0,0
愛知県,東浦町,大字緒川,家下,16,7,-113219.3,-18003.2,34.979281,136.969482,0,1,0,0
愛知県,東浦町,大字石浜,片山,5,7,-115040.8,-17981.2,34.962859,136.969763,0,1,0,0
愛知県,東浦町,大字緒川,古川,14,7,-111930.5,-18001.9,34.990898,136.96947,0,1,0,0
愛知県,東浦町,大字森岡,南古新田,36,7,-111501.1,-17970.5,34.994768,136.969804,0,1,0,0
愛知県,東浦町,大字石浜,中央,8,7,-113888.3,-17985.9,34.97325,136.969687,0,1,0,0
愛知県,東浦町,大字生路,森腰,1,7,-115771.3,-18018,34.956274,136.969377,0,1,0,0
愛知県,東浦町,大字緒川,東栄町,108,7,-113556.1,-17978,34.976244,136.969765,0,1,0,0
愛知県,東浦町,大字藤江,午新田,1,7,-117445.6,-17928,34.941183,136.970396,0,1,0,0
愛知県,東浦町,大字藤江,ヤンチャ,1,7,-117054.8,-17885.5,34.944707,136.970855,0,1,0,0
愛知県,東浦町,大字緒川,浜田,5,7,-113448.1,-17878.4,34.97722,136.970855,0,1,0,0
愛知県,東浦町,大字生路,弁財,2,7,-116097.1,-17939.7,34.953339,136.97024,0,1,0,0
愛知県,東浦町,大字藤江,稲栄一区,52,7,-116876.8,-17850.4,34.946311,136.971236,0,1,0,0
愛知県,東浦町,大字緒川,竹塚,8,7,-112950.1,-17939,34.981707,136.970179,0,1,0,0
愛知県,東浦町,大字石浜,中子新田,51,7,-114490,-17943.2,34.967827,136.970167,0,1,0,0
愛知県,東浦町,大字石浜,下子新田,1,7,-114559.6,-17938.4,34.967199,136.970223,0,1,0,0
愛知県,東浦町,大字石浜,なかね,11,7,-114439.6,-17932,34.96828,136.97029,0,1,0,0
愛知県,東浦町,大字藤江,亥子新田,1,7,-117185.1,-17824.2,34.943531,136.971529,0,1,0,0
愛知県,東浦町,大字生路,生片山,47,7,-115204.5,-17889.7,34.961387,136.970768,0,1,0,0
愛知県,東浦町,大字緒川,北新田,40,7,-112747.5,-17901.2,34.983536,136.970589,0,1,0,0
愛知県,東浦町,大字緒川,上家左川,125,7,-112689.3,-17892.4,34.984059,136.970686,0,1,0,0
愛知県,東浦町,大字石浜,戌新田,25,7,-114805.6,-17902.2,34.964981,136.970623,0,1,0,0
愛知県,東浦町,大字緒川,十王郭,4,7,-112349,-17818.2,34.987129,136.971489,0,1,0,0
愛知県,東浦町,大字緒川,申新田弐区,40,7,-113056.6,-17895.7,34.980749,136.970656,0,1,0,0
愛知県,東浦町,大字生路,前田,3,7,-116136.1,-17833.9,34.952989,136.9714,0,1,0,0
愛知県,東浦町,大字藤江,川北,1,7,-117602.8,-17729.9,34.939768,136.97257,0,1,0,0
愛知県,東浦町,大字石浜,川尻,1,7,-115080.1,-17767.4,34.962508,136.972105,0,1,0,0
愛知県,東浦町,大字森岡,古川,39,7,-111870.1,-17778,34.991447,136.971922,0,1,0,0
愛知県,東浦町,大字緒川,申新田壱区,62,7,-113359.8,-17799.7,34.978017,136.971715,0,1,0,0
愛知県,東浦町,大字生路,門田,59,7,-115919.3,-17835,34.954943,136.971383,0,1,0,0
愛知県,東浦町,大字藤江,名切,11,7,-116572.3,-17751.5,34.949058,136.972311,0,1,0,0
愛知県,東浦町,大字生路,坂下,62,7,-115729.8,-17790.4,34.956651,136.971868,0,1,0,0
愛知県,東浦町,大字生路,浜田,22,7,-115222.1,-17781.2,34.96123,136.971958,0,1,0,0
愛知県,東浦町,大字緒川,宗六浜,71,7,-112484.6,-17717.4,34.985908,136.972599,0,1,0,0
愛知県,東浦町,大字緒川,旭,54,7,-112855.3,-17784.9,34.982565,136.971867,0,1,0,0
愛知県,東浦町,大字緒川,昭和二区,36,7,-112281,-17685.5,34.987744,136.972944,0,1,0,0
愛知県,東浦町,大字石浜,成実新田八ノ切,11,7,-114909,-17651.5,34.964055,136.973372,0,1,0,0
愛知県,東浦町,大字藤江,皆栄新田,170,7,-117909.3,-17676.5,34.937005,136.973161,0,1,0,0
愛知県,東浦町,大字緒川,昭和一区,21,7,-111872.6,-17612.2,34.991427,136.973737,0,1,0,0
愛知県,東浦町,大字森岡,葭野,18,7,-110877.8,-17443,35.000397,136.97557,0,1,0,0
愛知県,東浦町,大字緒川,中家左川,26,7,-112772.8,-17591.2,34.983311,136.973986,0,1,0,0
愛知県,東浦町,大字生路,浜起,20,7,-115480.3,-17630.2,34.958905,136.973616,0,1,0,0
愛知県,東浦町,大字緒川,下家左川,55,7,-112672.1,-17534.9,34.98422,136.974602,0,1,0,0
愛知県,東浦町,大字生路,矢崎,8,7,-116457.6,-17647.7,34.950094,136.973444,0,1,0,0
愛知県,東浦町,大字生路,折戸,28,7,-115705.1,-17591.5,34.956879,136.974045,0,1,0,0
愛知県,東浦町,大字生路,生栄五区,1,7,-116401.3,-17562.7,34.950603,136.974376,0,1,0,0
愛知県,東浦町,大字生路,生川尻,1,7,-115348.6,-17578.5,34.960092,136.974179,0,1,0,0
愛知県,東浦町,大字生路,生栄一区,30,7,-115481,-17544,34.9589,136.97456,0,1,0,0
愛知県,東浦町,大字藤江,稲栄二区,37,7,-116846.1,-17432,34.946596,136.975816,0,1,0,0
愛知県,東浦町,大字藤江,稲栄三区,25,7,-117171.8,-17510.2,34.943657,136.974964,0,1,0,0
愛知県,東浦町,大字石浜,大曲輪,131,7,-115061.1,-17490.5,34.962685,136.975137,0,1,0,0
愛知県,東浦町,大字緒川,臨時,10,7,-112638.8,-17510.4,34.984521,136.974869,0,1,0,0
愛知県,東浦町,大字生路,鍋屋新田,1,7,-116323.3,-17551.2,34.951307,136.9745,0,1,0,0
愛知県,東浦町,大字生路,西午新田,33,7,-115961.3,-17436,34.954571,136.975753,0,1,0,0
愛知県,東浦町,大字生路,新々田,79,7,-116144.5,-17508.2,34.952919,136.974966,0,1,0,0
愛知県,東浦町,大字生路,生栄四区,33,7,-116134.8,-17454.5,34.953007,136.975555,0,1,0,0
愛知県,東浦町,大字生路,東午新田,97,7,-115495,-17436.4,34.958776,136.975739,0,1,0,0
愛知県,東浦町,大字藤江,五号地,31,7,-117015,-17351,34.945075,136.976705,0,1,0,0
愛知県,東浦町,大字生路,生栄二区,9,7,-115577.6,-17260.2,34.958033,136.977669,0,1,0,0
愛知県,東浦町,大字緒川,三角,17,7,-112700.8,-17453,34.983964,136.975499,0,1,0,0
愛知県,東浦町,大字緒川,流作,11,7,-112378.1,-17288.4,34.986876,136.977294,0,1,0,0
愛知県,東浦町,大字石浜,北成実,1,7,-113829.1,-17268.7,34.973795,136.977541,0,1,0,0
愛知県,東浦町,大字森岡,洲崎,1,7,-110993.1,-17208.5,34.999363,136.97814,0,1,0,0
愛知県,東浦町,大字緒川,古流作,1,7,-112891.5,-17306.7,34.982247,136.977105,0,1,0,0
愛知県,東浦町,大字緒川,辰新田壱区,1,7,-113251.6,-17146.2,34.979002,136.97887,0,1,0,0
愛知県,東浦町,大字生路,,13,7,-116466.1,-17165.4,34.950026,136.978726,0,1,0,0
愛知県,東浦町,大字石浜,中成実,20,7,-114253,-17217.7,34.969976,136.978106,0,1,0,0
愛知県,東浦町,大字森岡,巳成,107,7,-111931,-17133.7,34.990909,136.978981,0,1,0,0
愛知県,東浦町,大字森岡,下々浜,6,7,-112022.1,-17125.9,34.990087,136.979068,0,1,0,0
愛知県,東浦町,大字森岡,外新切,27,7,-111566,-16946,34.994202,136.981028,0,1,0,0
愛知県,東浦町,大字生路,生栄三区,6,7,-115563.1,-17089.5,34.958167,136.979538,0,1,0,0
愛知県,東浦町,大字緒川,東新町,33,7,-113444.3,-17148.7,34.977266,136.978846,0,1,0,0
愛知県,東浦町,大字森岡,浜酉南,11,7,-111864.3,-17106.5,34.991509,136.979276,0,1,0,0
愛知県,東浦町,大字森岡,蓮池,3,7,-111042.8,-17079.4,34.998916,136.979557,0,1,0,0
愛知県,東浦町,大字森岡,三洲道,41,7,-111045.5,-16989.4,34.998894,136.980543,0,1,0,0
愛知県,東浦町,大字森岡,新割木,2,7,-111052.8,-19171,34.998789,136.956644,0,1,0,0
愛知県,東浦町,大字森岡,下割木,3,7,-110932.1,-19111,34.999879,136.957298,0,1,0,0
